Open Time,Type,Lots,Symbol,Open Price,Close Time,Close Price,Commission,Swap,Net Pips,Net Profit,Max Profit,Max Pips,Max Loss,Max Loss Pips,Magic Number,Comment,Holding Time (Hours),Holding Time
01/07/2026 18:13:17,sell,0.10,GBPCAD,1.88582,14/07/2026 19:10:27,1.88280,-0.50,-13.59,30.20,7.37,9.02,32.50,-136.43,-184.30,1,Dragon Wave_MZ2,312.95,13.04days
01/07/2026 18:09:05,sell,0.10,GBPCAD,1.88552,14/07/2026 10:45:46,1.88464,-0.50,-13.59,8.80,-7.85,3.37,8.80,-138.54,-187.30,1,Dragon Wave_HZ2,304.61,12.69days
07/07/2026 03:03:24,sell,0.10,GBPCAD,1.90316,13/07/2026 15:09:02,1.89267,-0.50,-6.28,104.90,67.43,103.89,149.40,-8.17,-10.90,1,Dragon Wave_GZ2,156.09,6.50days
07/07/2026 05:05:43,sell,0.35,GBPCAD,1.90388,08/07/2026 11:58:03,1.88931,-1.75,-3.65,145.70,354.64,354.64,145.70,-6.18,-1.80,1,Dragon Wave_NZ3,30.87,1.29days
02/07/2026 17:10:41,sell,0.10,GBPCAD,1.89597,08/07/2026 11:58:03,1.88909,-0.50,-4.17,68.80,43.90,43.90,68.80,-61.89,-82.80,1,Dragon Wave_NZ2,138.79,5.78days
02/07/2026 11:01:00,sell,0.10,GBPCAD,1.89355,08/07/2026 11:40:48,1.89026,-0.50,-4.17,32.90,18.55,18.55,32.90,-78.91,-107.00,1,Dragon Wave_BZ2,144.66,6.03days
06/07/2026 20:00:50,sell,0.35,GBPCAD,1.90147,08/07/2026 11:40:47,1.89000,-1.75,-7.30,114.70,274.31,274.31,114.70,-73.86,-27.80,1,Dragon Wave_BZ3,39.67,1.65days
02/07/2026 17:07:14,sell,0.35,GBPCAD,1.89635,08/07/2026 11:40:34,1.89021,-1.75,-14.61,61.40,135.32,135.32,61.40,-207.25,-79.00,1,Dragon Wave_IZ3,138.56,5.77days
02/07/2026 07:09:58,sell,0.10,GBPCAD,1.88887,08/07/2026 11:40:34,1.89018,-0.50,-4.17,-13.10,-13.92,1.05,2.20,-111.84,-153.80,1,Dragon Wave_IZ2,148.51,6.19days
02/07/2026 11:06:11,sell,0.10,GBPCAD,1.89474,08/07/2026 11:27:17,1.89106,-0.50,-4.17,36.80,21.31,25.24,36.80,-70.54,-95.10,1,Dragon Wave_KZ2,144.35,6.01days
06/07/2026 22:04:11,sell,0.35,GBPCAD,1.90364,08/07/2026 11:27:16,1.89103,-1.75,-7.30,126.10,302.53,302.53,126.10,-20.42,-6.10,1,Dragon Wave_KZ3,37.38,1.56days
02/07/2026 11:02:20,sell,0.10,GBPCAD,1.89384,08/07/2026 11:07:23,1.89304,-0.50,-4.17,8.00,0.98,18.91,27.60,-76.87,-104.10,1,Dragon Wave_DZ2,144.08,6.00days
06/07/2026 22:01:42,sell,0.35,GBPCAD,1.90341,08/07/2026 11:07:22,1.89304,-1.75,-7.30,103.70,247.25,249.70,104.70,-26.09,-8.40,1,Dragon Wave_DZ3,37.09,1.55days
01/07/2026 20:00:30,sell,0.10,GBPCAD,1.88711,08/07/2026 10:53:40,1.89277,-0.50,-7.30,-56.60,-47.76,0.63,1.60,-127.36,-171.40,1,Dragon Wave_AZ2,158.89,6.62days
02/07/2026 12:01:02,sell,0.35,GBPCAD,1.89518,08/07/2026 10:53:39,1.89277,-1.75,-14.61,24.10,43.20,99.18,41.00,-236.06,-90.70,1,Dragon Wave_AZ3,142.88,5.95days
02/07/2026 07:07:29,sell,0.10,GBPCAD,1.88885,08/07/2026 10:53:17,1.89292,-0.50,-4.17,-40.70,-33.40,0.91,2.00,-111.98,-154.00,1,Dragon Wave_FZ2,147.76,6.16days
02/07/2026 18:03:18,sell,0.35,GBPCAD,1.89588,08/07/2026 10:53:16,1.89293,-1.75,-14.61,29.50,56.54,97.47,40.20,-218.83,-83.70,1,Dragon Wave_FZ3,136.83,5.70days
02/07/2026 11:10:45,sell,0.10,GBPAUD,1.93541,08/07/2026 06:11:15,1.92404,-0.50,-0.80,113.70,77.64,81.49,118.80,-3.60,-4.50,1,Dragon Wave_IZ2,139.01,5.79days
02/07/2026 11:07:08,sell,0.10,GBPAUD,1.93525,06/07/2026 11:07:13,1.92413,-0.50,-0.40,111.20,76.22,78.89,114.90,-4.71,-6.10,1,Dragon Wave_FZ2,96.00,4.00days
23/06/2026 15:09:08,buy,0.10,EURUSD,1.13940,02/07/2026 15:34:40,1.14487,-0.50,-7.68,54.70,46.52,46.52,54.70,-69.60,-68.40,1,Dragon Wave_JZ2,216.43,9.02days
23/06/2026 17:07:04,buy,0.10,EURUSD,1.13860,02/07/2026 15:31:58,1.14322,-0.50,-7.68,46.20,38.02,40.21,46.20,-61.60,-60.40,1,Dragon Wave_GZ2,214.41,8.93days
23/06/2026 18:10:36,buy,0.10,EURUSD,1.13768,02/07/2026 15:31:34,1.14336,-0.50,-7.68,56.80,48.62,49.41,56.80,-52.40,-51.20,1,Dragon Wave_LZ2,213.35,8.89days
24/06/2026 16:17:07,sell,0.35,USDCHF,0.81381,02/07/2026 15:31:11,0.80390,-1.75,-64.38,99.10,365.33,365.33,99.10,-7.34,-1.30,1,Dragon Wave_MZ3,191.23,7.97days
19/06/2026 08:04:40,sell,0.35,USDCHF,0.80854,02/07/2026 15:30:53,0.80382,-1.75,-83.74,47.20,120.03,131.21,47.20,-253.34,-54.00,1,Dragon Wave_HZ3,319.44,13.31days
10/06/2026 23:08:18,sell,0.10,USDCHF,0.79993,02/07/2026 15:30:53,0.80383,-0.50,-44.36,-39.00,-93.38,91.63,87.60,-198.66,-140.10,1,Dragon Wave_HZ2,520.38,21.68days
24/06/2026 10:08:21,sell,0.10,USDCHF,0.81149,02/07/2026 11:07:22,0.80548,-0.50,-18.39,60.10,55.72,55.72,60.10,-30.60,-24.50,1,Dragon Wave_LZ2,192.98,8.04days
23/06/2026 14:03:00,buy,0.10,EURUSD,1.14015,01/07/2026 16:46:26,1.14082,-0.50,-5.59,6.70,0.61,24.71,30.10,-77.10,-75.90,1,Dragon Wave_EZ2,194.72,8.11days
29/06/2026 18:03:20,sell,0.10,GBPAUD,1.92517,30/06/2026 17:58:54,1.91565,-0.50,-0.20,95.20,65.27,65.27,95.20,-21.51,-30.30,1,Dragon Wave_AZ2,23.93,23.93hrs
24/06/2026 04:08:21,buy,0.10,EURUSD,1.13752,30/06/2026 17:57:39,1.14328,-0.50,-4.19,57.60,52.91,52.91,57.60,-50.10,-49.60,1,Dragon Wave_NZ2,157.82,6.58days
23/06/2026 14:05:27,buy,0.10,EURUSD,1.13992,29/06/2026 18:11:40,1.14183,-0.50,-4.19,19.10,14.41,21.51,25.50,-74.80,-73.60,1,Dragon Wave_IZ2,148.10,6.17days
24/06/2026 10:03:49,buy,0.10,EURUSD,1.13559,26/06/2026 15:59:52,1.14277,-0.50,-2.79,71.80,68.51,68.51,71.80,-30.80,-30.30,1,Dragon Wave_BZ2,53.93,2.25days
24/06/2026 06:06:32,sell,0.10,USDCHF,0.81075,26/06/2026 15:58:49,0.80725,-0.50,-7.34,35.00,35.52,35.52,35.00,-39.69,-31.90,1,Dragon Wave_KZ2,57.87,2.41days
23/06/2026 14:06:40,buy,0.10,EURUSD,1.13996,26/06/2026 15:58:49,1.14298,-0.50,-3.49,30.20,26.21,26.21,30.20,-75.20,-74.00,1,Dragon Wave_KZ2,73.87,3.08days
23/06/2026 11:08:15,buy,0.10,EURUSD,1.14150,26/06/2026 15:57:43,1.14255,-0.50,-3.49,10.50,6.51,6.51,10.50,-90.60,-89.40,1,Dragon Wave_FZ2,76.82,3.20days
23/06/2026 18:03:04,buy,0.10,EURUSD,1.13818,26/06/2026 15:52:59,1.14117,-0.50,-3.49,29.90,25.91,25.91,29.90,-57.40,-56.20,1,Dragon Wave_DZ2,69.83,2.91days
22/06/2026 17:05:27,sell,0.10,USDCHF,0.80939,26/06/2026 11:15:06,0.80821,-0.50,-11.02,11.80,3.08,21.54,17.80,-60.08,-45.50,1,Dragon Wave_DZ2,90.16,3.76days
24/06/2026 06:01:56,buy,0.35,EURUSD,1.13674,26/06/2026 10:41:30,1.13878,-1.75,-9.76,20.40,59.89,59.89,20.40,-148.05,-41.80,1,Dragon Wave_AZ3,52.66,2.19days
19/06/2026 07:00:30,buy,0.10,EURUSD,1.14424,26/06/2026 10:41:30,1.13880,-0.50,-4.89,-54.40,-59.79,37.30,37.80,-119.40,-116.80,1,Dragon Wave_AZ2,171.68,7.15days
24/06/2026 16:09:03,sell,0.35,USDCHF,0.81372,26/06/2026 08:18:53,0.80884,-1.75,-25.70,48.80,183.72,191.55,50.60,-11.21,-2.20,1,Dragon Wave_FZ3,40.16,1.67days
19/06/2026 08:03:25,sell,0.10,USDCHF,0.80849,26/06/2026 08:18:53,0.80884,-0.50,-12.87,-3.50,-17.70,36.87,29.90,-72.99,-54.50,1,Dragon Wave_FZ2,168.26,7.01days
24/06/2026 16:09:32,sell,0.10,USDCHF,0.81374,26/06/2026 08:18:52,0.80884,-0.50,-7.34,49.00,52.74,54.98,50.80,-2.96,-2.00,1,Dragon Wave_FZ3,40.16,1.67days
22/06/2026 16:01:59,sell,0.10,USDCHF,0.80908,26/06/2026 07:48:53,0.80884,-0.50,-11.02,2.40,-8.55,17.70,14.70,-63.89,-48.60,1,Dragon Wave_AZ2,87.78,3.66days
16/06/2026 11:17:51,sell,0.10,GBPCAD,1.87958,18/06/2026 14:21:26,1.86694,-0.50,-4.30,126.40,84.64,86.80,129.40,-10.43,-7.90,1,Dragon Wave_JZ2,51.06,2.13days
10/06/2026 12:26:44,sell,0.10,GBPAUD,1.90986,18/06/2026 04:34:46,1.89342,-0.50,-2.04,164.40,113.10,118.81,172.70,-17.43,-23.40,1,Dragon Wave_JZ2,184.13,7.67days
16/06/2026 12:02:42,sell,0.10,GBPCAD,1.87940,17/06/2026 22:17:43,1.87323,-0.50,-4.30,61.70,38.98,39.70,62.70,-11.71,-9.70,1,Dragon Wave_AZ2,34.25,1.43days
15/06/2026 01:10:40,sell,0.10,GBPCAD,1.87709,17/06/2026 22:07:34,1.87419,-0.50,-5.37,29.00,14.74,14.74,29.00,-29.25,-32.80,1,Dragon Wave_FZ2,68.95,2.87days
10/06/2026 23:13:49,sell,0.10,USDCHF,0.80001,17/06/2026 10:38:58,0.79132,-0.50,-18.59,86.90,90.73,92.52,88.30,-22.71,-13.40,1,Dragon Wave_OZ2,155.42,6.48days
09/06/2026 18:31:55,sell,0.10,GBPAUD,1.90378,16/06/2026 16:41:47,1.89638,-0.50,-1.39,74.00,50.46,50.63,74.00,-60.09,-84.20,1,Dragon Wave_NZ2,166.16,6.92days
09/06/2026 13:02:53,sell,0.10,GBPAUD,1.89892,15/06/2026 17:51:29,1.89684,-0.50,-1.19,20.80,13.05,13.05,20.80,-94.03,-132.80,1,Dragon Wave_BZ2,148.81,6.20days
10/06/2026 08:06:53,sell,0.35,GBPAUD,1.90736,15/06/2026 17:51:28,1.89675,-1.75,-3.43,106.10,257.89,257.89,106.10,-122.10,-48.40,1,Dragon Wave_BZ3,129.74,5.41days
09/06/2026 12:09:51,sell,0.10,GBPAUD,1.89758,15/06/2026 12:14:23,1.89814,-0.50,-1.19,-5.60,-5.65,2.06,5.30,-103.39,-146.20,1,Dragon Wave_IZ2,144.08,6.00days
10/06/2026 08:24:01,sell,0.35,GBPAUD,1.90797,15/06/2026 12:14:22,1.89814,-1.75,-3.43,98.30,238.26,265.60,109.20,-107.19,-42.30,1,Dragon Wave_IZ3,123.84,5.16days
11/06/2026 16:02:47,sell,1.23,GBPAUD,1.91196,15/06/2026 06:12:18,1.89892,-6.15,-4.84,130.40,1124.33,1288.29,149.10,-26.77,-2.40,1,Dragon Wave_KZ4,86.16,3.59days
09/06/2026 17:20:04,sell,0.35,GBPAUD,1.90194,15/06/2026 06:12:18,1.89892,-1.75,-4.12,30.20,68.95,115.38,48.90,-255.27,-102.60,1,Dragon Wave_KZ3,132.87,5.54days
08/06/2026 00:20:14,sell,0.10,GBPAUD,1.89508,15/06/2026 06:12:18,1.89892,-0.50,-1.39,-38.40,-29.08,48.10,68.70,-121.05,-171.20,1,Dragon Wave_KZ2,173.87,7.24days
10/06/2026 22:17:37,sell,0.10,USDCHF,0.79960,15/06/2026 01:32:51,0.79384,-0.50,-9.17,57.60,62.89,67.97,61.60,-27.83,-17.50,1,Dragon Wave_NZ2,99.25,4.14days
10/06/2026 11:13:12,sell,0.10,GBPAUD,1.90873,15/06/2026 00:44:37,1.89716,-0.50,-0.99,115.70,80.44,80.44,115.70,-25.32,-34.70,1,Dragon Wave_DZ2,109.52,4.56days
09/06/2026 17:09:44,sell,0.35,GBPAUD,1.90042,15/06/2026 00:37:22,1.89771,-1.75,-4.12,27.10,61.24,61.24,27.10,-292.43,-117.80,1,Dragon Wave_FZ3,127.46,5.31days
05/06/2026 22:14:13,sell,0.10,GBPAUD,1.89354,15/06/2026 00:37:22,1.89769,-0.50,-1.39,-41.50,-31.25,37.20,53.30,-131.81,-186.60,1,Dragon Wave_FZ2,218.39,9.10days
10/06/2026 13:14:58,sell,1.23,GBPAUD,1.91154,15/06/2026 00:37:21,1.89771,-6.15,-12.04,138.30,1185.47,1185.47,138.30,-70.04,-6.60,1,Dragon Wave_FZ4,107.37,4.47days
10/06/2026 13:04:01,sell,0.10,GBPAUD,1.91102,12/06/2026 16:18:06,1.90268,-0.50,-0.79,83.40,57.45,57.45,83.40,-9.33,-11.80,1,Dragon Wave_AZ2,51.23,2.13days
08/06/2026 12:33:04,buy,0.10,EURUSD,1.15030,11/06/2026 20:33:48,1.15492,-0.50,-3.90,46.20,41.80,72.22,73.50,-4.20,-1.80,1,Dragon Wave_KZ2,80.01,3.33days
19/05/2026 18:03:43,buy,0.10,EURUSD,1.15969,27/05/2026 10:14:33,1.16447,-0.50,-6.21,47.80,41.09,48.05,53.20,-22.77,-18.40,1,Dragon Wave_GZ2,184.18,7.67days
20/05/2026 13:04:39,buy,0.10,EURUSD,1.15900,25/05/2026 16:10:34,1.16488,-0.50,-3.87,58.80,54.43,55.73,60.10,-15.09,-11.50,1,Dragon Wave_NZ2,123.10,5.13days
19/05/2026 18:07:05,buy,0.10,EURUSD,1.15970,25/05/2026 00:17:27,1.16342,-0.50,-4.65,37.20,32.05,36.12,37.40,-22.87,-18.50,1,Dragon Wave_KZ2,126.17,5.26days
18/05/2026 03:01:59,buy,0.10,EURUSD,1.16146,21/05/2026 20:42:38,1.16239,-0.50,-4.65,9.30,4.15,45.22,46.50,-41.25,-36.10,1,Dragon Wave_FZ2,89.68,3.74days
19/05/2026 18:01:48,buy,0.10,EURUSD,1.15959,20/05/2026 17:31:07,1.16219,-0.50,-0.78,26.00,24.72,24.72,26.00,-13.68,-12.40,1,Dragon Wave_DZ2,23.49,23.49hrs
18/05/2026 03:00:43,buy,0.10,EURUSD,1.16141,20/05/2026 17:22:31,1.16198,-0.50,-1.56,5.70,3.64,45.72,47.00,-32.66,-30.60,1,Dragon Wave_AZ2,62.36,2.60days
14/05/2026 21:01:58,buy,0.10,GBPAUD,1.85674,18/05/2026 18:57:29,1.87465,-0.50,-1.42,179.10,126.32,126.32,179.10,-21.65,-28.30,1,Dragon Wave_GZ2,93.93,3.91days
13/05/2026 14:09:15,buy,0.10,GBPAUD,1.86337,18/05/2026 18:10:00,1.87210,-0.50,-3.58,87.30,58.33,58.33,87.30,-71.68,-94.60,1,Dragon Wave_NZ2,124.01,5.17days
13/05/2026 20:00:14,buy,0.35,GBPAUD,1.86140,18/05/2026 17:36:55,1.87088,-1.75,-12.52,94.80,223.24,223.24,94.80,-201.09,-74.90,1,Dragon Wave_BZ3,117.61,4.90days
13/05/2026 00:15:19,buy,0.10,GBPAUD,1.87009,18/05/2026 17:36:55,1.87088,-0.50,-3.58,7.90,1.57,7.31,10.80,-120.21,-161.80,1,Dragon Wave_BZ2,137.36,5.72days
13/05/2026 05:04:09,buy,0.35,GBPAUD,1.86943,18/05/2026 17:36:10,1.87061,-1.75,-12.52,11.80,15.29,42.29,17.40,-404.05,-155.20,1,Dragon Wave_IZ3,132.53,5.52days
06/05/2026 09:00:56,buy,0.10,GBPAUD,1.87501,18/05/2026 17:36:10,1.87059,-0.50,-8.60,-44.20,-40.74,49.08,72.50,-160.76,-211.00,1,Dragon Wave_IZ2,296.59,12.36days
14/05/2026 21:02:06,buy,1.23,GBPAUD,1.85698,18/05/2026 17:36:09,1.87062,-6.15,-17.49,136.40,1177.03,1177.03,136.40,-287.62,-30.70,1,Dragon Wave_IZ4,92.57,3.86days
13/05/2026 14:07:56,buy,0.10,GBPAUD,1.86366,18/05/2026 17:22:46,1.87027,-0.50,-3.58,66.10,43.25,43.25,66.10,-73.78,-97.50,1,Dragon Wave_KZ2,123.25,5.14days
13/05/2026 14:04:59,buy,0.10,GBPAUD,1.86349,18/05/2026 04:02:50,1.86813,-0.50,-3.58,46.40,28.97,41.69,61.40,-72.55,-95.80,1,Dragon Wave_FZ2,109.96,4.58days
07/05/2026 10:05:56,sell,0.10,GBPCAD,1.85477,12/05/2026 11:08:02,1.85191,-0.50,-3.21,28.60,17.15,30.15,41.80,-94.87,-127.90,1,Dragon Wave_IZ2,121.03,5.04days
08/05/2026 16:10:28,sell,0.35,GBPCAD,1.86389,12/05/2026 11:08:01,1.85189,-1.75,-7.46,120.00,297.19,297.19,120.00,-95.45,-36.70,1,Dragon Wave_IZ3,90.96,3.79days
08/05/2026 16:03:01,sell,0.35,GBPCAD,1.86421,12/05/2026 10:45:06,1.85220,-1.75,-7.46,120.10,297.63,297.63,120.10,-87.28,-33.50,1,Dragon Wave_BZ3,90.70,3.78days
07/05/2026 18:00:47,sell,0.10,GBPCAD,1.85849,12/05/2026 10:45:06,1.85216,-0.50,-3.21,63.30,42.49,57.43,79.00,-67.73,-90.70,1,Dragon Wave_BZ2,112.74,4.70days
07/05/2026 11:07:03,sell,0.10,GBPCAD,1.85568,12/05/2026 10:16:36,1.85421,-0.50,-3.21,14.70,7.02,36.83,50.90,-88.23,-118.80,1,Dragon Wave_KZ2,119.16,4.96days
08/05/2026 16:11:56,sell,0.35,GBPCAD,1.86397,12/05/2026 10:16:35,1.85423,-1.75,-7.46,97.40,239.69,247.63,100.50,-93.41,-35.90,1,Dragon Wave_KZ3,90.08,3.75days
08/05/2026 16:07:27,sell,0.10,GBPCAD,1.86353,12/05/2026 10:08:05,1.85371,-0.50,-2.14,98.20,69.06,69.06,98.20,-29.90,-40.30,1,Dragon Wave_FZ2,90.01,3.75days
08/05/2026 16:05:09,sell,0.35,GBPCAD,1.86434,11/05/2026 00:18:04,1.85759,-1.75,-3.73,67.50,167.11,167.11,67.50,-83.96,-32.20,1,Dragon Wave_DZ3,56.22,2.34days
07/05/2026 11:04:22,sell,0.10,GBPCAD,1.85617,11/05/2026 00:18:04,1.85759,-0.50,-2.14,-14.20,-13.01,40.42,55.80,-84.66,-113.90,1,Dragon Wave_DZ2,85.23,3.55days
08/05/2026 16:02:10,sell,0.10,GBPCAD,1.86406,11/05/2026 00:15:13,1.85821,-0.50,-1.07,58.50,41.16,41.16,58.50,-26.03,-35.00,1,Dragon Wave_AZ2,56.22,2.34days
03/05/2026 11:58:16,balance,0.01,,0.00000,03/05/2026 11:58:16,0.00000,0.00,0.00,0.00,5000.00,0.00,0.00,0.00,0.00,0,Deposit,0.00,0.00hrs
