Open Time,Type,Lots,Symbol,Open Price,Close Time,Close Price,Commission,Swap,Net Pips,Net Profit,Max Profit,Max Pips,Max Loss,Max Loss Pips,Magic Number,Comment,Holding Time (Hours),Holding Time
24/04/2026 05:00:03,buy,0.20,EURJPY,186.74800,24/04/2026 13:45:15,186.83300,0.00,0.00,8.50,10.64,10.64,8.50,-35.33,-28.20,3901,MKD Dragon Ball One BUY,8.75,8.75hrs
23/04/2026 10:00:03,buy,0.20,EURJPY,186.88000,23/04/2026 10:07:37,186.94000,0.00,0.00,6.00,7.51,7.51,6.00,-3.13,-2.50,3901,MKD Dragon Ball One BUY,0.13,0.13hrs
22/04/2026 23:00:03,sell,0.20,NZDUSD,0.59040,23/04/2026 03:13:56,0.58986,0.00,0.64,5.40,11.44,12.04,5.70,-25.16,-12.90,3901,MKD Dragon Ball One SELL,4.23,4.23hrs
21/04/2026 16:00:04,buy,0.20,GBPCHF,1.05440,22/04/2026 11:30:01,1.05484,0.00,1.23,4.40,12.52,17.38,6.30,-45.95,-18.40,3901,MKD Dragon Ball One BUY,19.50,19.50hrs
17/04/2026 23:00:03,buy,0.20,NZDCAD,0.80626,21/04/2026 04:20:33,0.80678,0.00,-0.28,5.20,7.34,9.25,6.50,-90.78,-62.00,3901,MKD Dragon Ball One BUY,77.34,3.22days
20/04/2026 03:30:03,buy,0.20,EURJPY,186.99000,20/04/2026 11:22:11,186.97500,0.00,0.00,-1.50,-1.89,0.00,0.00,-30.86,-24.50,3901,MKD Dragon Ball One BUY,7.87,7.87hrs
20/04/2026 06:30:00,buy,0.30,EURJPY,186.79700,20/04/2026 11:22:10,186.97600,0.00,0.00,17.90,33.77,35.66,18.90,-9.82,-5.20,3901,MKD Dragon Ball One BUY,4.87,4.87hrs
16/04/2026 20:00:05,sell,0.20,NZDUSD,0.58859,16/04/2026 20:02:56,0.58856,0.00,0.00,0.30,0.60,0.60,0.30,-1.20,-0.60,3901,MKD Dragon Ball One SELL,0.05,0.05hrs
15/04/2026 20:30:00,sell,0.20,EURCAD,1.62068,15/04/2026 20:47:10,1.61986,0.00,0.00,8.20,11.94,13.25,9.10,0.00,0.00,3901,MKD Dragon Ball One SELL,0.29,0.29hrs
15/04/2026 19:30:00,sell,0.20,EURCAD,1.62153,15/04/2026 19:56:14,1.62096,0.00,0.00,5.70,8.30,8.30,5.70,-0.73,-0.50,3901,MKD Dragon Ball One SELL,0.44,0.44hrs
15/04/2026 18:00:00,sell,0.20,EURCAD,1.62176,15/04/2026 18:36:42,1.62113,0.00,0.00,6.30,9.17,9.17,6.30,-4.80,-3.30,3901,MKD Dragon Ball One SELL,0.61,0.61hrs
15/04/2026 17:00:04,sell,0.20,EURCAD,1.62229,15/04/2026 17:01:58,1.62168,0.00,0.00,6.10,8.87,8.87,6.10,0.00,0.00,3901,MKD Dragon Ball One SELL,0.03,0.03hrs
15/04/2026 08:00:03,sell,0.20,EURCAD,1.62377,15/04/2026 15:06:06,1.62314,0.00,0.00,6.30,9.15,26.42,18.20,-13.80,-9.50,3901,MKD Dragon Ball One SELL,7.10,7.10hrs
14/04/2026 09:00:03,buy,0.20,GBPCHF,1.05868,14/04/2026 14:51:07,1.05913,0.00,0.00,4.50,11.53,13.84,5.40,-71.53,-27.90,3901,MKD Dragon Ball One BUY,5.85,5.85hrs
13/04/2026 12:30:03,sell,0.20,EURCAD,1.61808,13/04/2026 14:59:55,1.61768,0.00,0.00,4.00,5.78,8.09,5.60,-10.98,-7.60,3901,MKD Dragon Ball One SELL,2.50,2.50hrs
31/03/2026 20:30:05,buy,0.50,NZDUSD,0.57385,08/04/2026 06:18:53,0.58103,0.00,-10.16,71.80,348.84,383.84,78.80,-294.12,-57.30,3901,MKD Dragon Ball One BUY,177.81,7.41days
27/03/2026 10:30:12,buy,0.20,CADJPY,115.49900,02/04/2026 05:13:11,114.58900,0.00,1.18,-91.00,-113.11,0.12,0.10,-207.64,-165.30,3901,MKD Dragon Ball One BUY,138.72,5.78days
30/03/2026 18:30:03,buy,0.30,CADJPY,114.62900,02/04/2026 05:13:07,114.59500,0.00,1.45,-3.40,-4.96,43.06,22.80,-147.54,-78.30,3901,MKD Dragon Ball One BUY,58.72,2.45days
01/04/2026 03:30:03,buy,0.50,CADJPY,114.06400,02/04/2026 05:13:04,114.59900,0.00,1.45,53.50,169.43,182.90,57.80,-64.11,-20.30,3901,MKD Dragon Ball One BUY,25.72,1.07days
25/03/2026 04:00:16,buy,0.20,AUDJPY,111.01300,01/04/2026 11:05:10,110.05600,0.00,2.17,-95.70,-118.42,0.00,0.00,-260.99,-209.20,3901,MKD Dragon Ball One BUY,175.08,7.30days
27/03/2026 10:30:19,buy,0.30,AUDJPY,110.22100,01/04/2026 11:05:07,110.05500,0.00,1.35,-16.60,-30.03,19.49,10.40,-244.11,-130.00,3901,MKD Dragon Ball One BUY,120.58,5.02days
30/03/2026 20:30:03,buy,0.50,AUDJPY,109.36300,01/04/2026 11:05:03,110.04500,0.00,1.48,68.20,216.35,221.39,69.80,-138.10,-44.20,3901,MKD Dragon Ball One BUY,38.58,1.61days
27/03/2026 13:00:00,sell,0.20,EURCAD,1.59563,27/03/2026 14:03:05,1.59449,0.00,0.00,11.40,16.46,17.61,12.20,-5.49,-3.80,3901,MKD Dragon Ball One SELL,1.05,1.05hrs
27/03/2026 10:30:06,sell,0.20,EURCAD,1.59587,27/03/2026 12:09:52,1.59528,0.00,0.00,5.90,8.52,8.95,6.20,-5.05,-3.50,3901,MKD Dragon Ball One SELL,1.66,1.66hrs
27/03/2026 10:00:03,buy,0.20,CADJPY,115.33300,27/03/2026 10:24:33,115.40500,0.00,0.00,7.20,9.01,9.26,7.40,-0.88,-0.70,3901,MKD Dragon Ball One BUY,0.41,0.41hrs
25/03/2026 23:30:05,sell,0.20,EURCAD,1.59621,26/03/2026 15:05:55,1.59543,0.00,-1.09,7.80,10.18,10.18,8.40,-47.79,-32.30,3901,MKD Dragon Ball One SELL,15.60,15.60hrs
25/03/2026 02:00:03,buy,0.20,AUDJPY,111.06400,25/03/2026 03:15:01,111.12500,0.00,0.00,6.10,7.68,7.68,6.10,-11.60,-9.20,3901,MKD Dragon Ball One BUY,1.25,1.25hrs
24/03/2026 22:00:04,buy,0.20,AUDJPY,110.76700,24/03/2026 22:16:04,110.83600,0.00,0.00,6.90,8.69,8.69,6.90,-2.52,-2.00,3901,MKD Dragon Ball One BUY,0.27,0.27hrs
24/03/2026 08:00:10,sell,0.20,EURCAD,1.59286,24/03/2026 13:29:40,1.59131,0.00,0.00,15.50,22.58,23.89,16.40,-32.16,-22.10,3901,MKD Dragon Ball One SELL,5.49,5.49hrs
24/03/2026 06:30:03,sell,0.20,NZDUSD,0.58362,24/03/2026 07:16:54,0.58278,0.00,0.00,8.40,16.80,16.80,8.40,-0.80,-0.40,3901,MKD Dragon Ball One SELL,0.78,0.78hrs
23/03/2026 20:30:00,buy,0.20,AUDJPY,111.15500,23/03/2026 20:35:22,111.29400,0.00,0.00,13.90,17.54,17.54,13.90,-4.29,-3.40,3901,MKD Dragon Ball One BUY,0.09,0.09hrs
23/03/2026 19:30:00,buy,0.20,AUDJPY,110.92400,23/03/2026 19:35:32,111.01800,0.00,0.00,9.40,11.85,11.85,9.40,0.00,0.00,3901,MKD Dragon Ball One BUY,0.09,0.09hrs
23/03/2026 18:00:03,buy,0.20,AUDJPY,111.64900,23/03/2026 18:05:00,111.73200,0.00,0.00,8.30,10.48,10.48,8.30,0.00,0.00,3901,MKD Dragon Ball One BUY,0.08,0.08hrs
23/03/2026 17:30:00,buy,0.20,AUDCAD,0.96495,23/03/2026 18:02:41,0.96556,0.00,0.00,6.10,8.91,8.91,6.10,-2.78,-1.90,3901,MKD Dragon Ball One BUY,0.54,0.54hrs
23/03/2026 17:00:07,buy,0.20,NZDCAD,0.80319,23/03/2026 17:23:44,0.80410,0.00,0.00,9.10,13.31,14.77,10.10,-16.50,-11.30,3901,MKD Dragon Ball One BUY,0.39,0.39hrs
23/03/2026 17:00:00,buy,0.20,AUDCAD,0.96378,23/03/2026 17:23:00,0.96535,0.00,0.00,15.70,22.95,22.95,15.70,-20.88,-14.30,3901,MKD Dragon Ball One BUY,0.38,0.38hrs
23/03/2026 16:00:01,buy,0.20,NZDCAD,0.80172,23/03/2026 16:42:55,0.80300,0.00,0.00,12.80,18.67,18.67,12.80,-21.72,-14.90,3901,MKD Dragon Ball One BUY,0.71,0.71hrs
23/03/2026 16:00:08,buy,0.20,AUDCAD,0.96302,23/03/2026 16:42:50,0.96385,0.00,0.00,8.30,12.10,12.10,8.30,-37.60,-25.80,3901,MKD Dragon Ball One BUY,0.71,0.71hrs
23/03/2026 15:30:00,buy,0.20,AUDCAD,0.96199,23/03/2026 15:42:22,0.96264,0.00,0.00,6.50,9.47,9.47,6.50,-26.22,-18.00,3901,MKD Dragon Ball One BUY,0.21,0.21hrs
23/03/2026 15:30:07,buy,0.20,NZDCAD,0.80044,23/03/2026 15:41:32,0.80118,0.00,0.00,7.40,10.79,10.79,7.40,-9.46,-7.00,3901,MKD Dragon Ball One BUY,0.19,0.19hrs
23/03/2026 14:30:03,buy,0.20,AUDCAD,0.96280,23/03/2026 14:34:01,0.96436,0.00,0.00,15.60,22.74,22.74,15.60,0.00,0.00,3901,MKD Dragon Ball One BUY,0.07,0.07hrs
23/03/2026 14:30:11,buy,0.20,NZDCAD,0.80046,23/03/2026 14:32:24,0.80095,0.00,0.00,4.90,7.15,9.18,6.30,0.00,0.00,3901,MKD Dragon Ball One BUY,0.04,0.04hrs
20/03/2026 15:00:00,sell,0.20,EURCAD,1.58629,20/03/2026 15:04:27,1.58580,0.00,0.00,4.90,7.15,7.15,4.90,-1.60,-1.10,3901,MKD Dragon Ball One SELL,0.07,0.07hrs
20/03/2026 13:00:06,sell,0.20,EURCAD,1.58434,20/03/2026 13:05:16,1.58379,0.00,0.00,5.50,8.02,8.02,5.50,0.00,0.00,3901,MKD Dragon Ball One SELL,0.09,0.09hrs
20/03/2026 05:30:09,sell,0.20,EURCAD,1.58736,20/03/2026 12:01:30,1.58663,0.00,0.00,7.30,10.64,12.39,8.50,-23.30,-16.00,3901,MKD Dragon Ball One SELL,6.52,6.52hrs
20/03/2026 05:30:00,buy,0.20,CADJPY,115.30600,20/03/2026 10:34:28,115.37700,0.00,0.00,7.10,8.97,8.97,8.60,-3.92,-3.10,3901,MKD Dragon Ball One BUY,5.07,5.07hrs
20/03/2026 03:00:03,buy,0.20,CADJPY,114.97700,20/03/2026 04:40:19,115.02200,0.00,0.00,4.50,5.69,5.69,4.50,-15.59,-12.30,3901,MKD Dragon Ball One BUY,1.67,1.67hrs
18/03/2026 19:00:09,sell,0.20,EURCAD,1.57692,18/03/2026 21:38:34,1.57649,0.00,0.00,4.30,6.28,6.28,4.30,-22.92,-15.70,3901,MKD Dragon Ball One SELL,2.64,2.64hrs
18/03/2026 17:30:00,sell,0.20,EURCAD,1.57777,18/03/2026 17:44:22,1.57730,0.00,0.00,4.70,6.86,6.86,4.70,-3.21,-2.20,3901,MKD Dragon Ball One SELL,0.24,0.24hrs
18/03/2026 16:00:01,buy,0.20,CADJPY,116.33700,18/03/2026 17:37:37,116.39500,0.00,0.00,5.80,7.28,7.52,6.00,-9.41,-7.50,3901,MKD Dragon Ball One BUY,1.63,1.63hrs
18/03/2026 15:30:03,sell,0.20,EURCAD,1.57848,18/03/2026 15:48:52,1.57801,0.00,0.00,4.70,6.85,6.85,4.70,-6.57,-4.50,3901,MKD Dragon Ball One SELL,0.31,0.31hrs
18/03/2026 05:00:00,buy,0.20,CADJPY,116.14500,18/03/2026 15:21:00,116.22300,0.00,0.00,7.80,9.80,10.68,8.50,-52.59,-41.70,3901,MKD Dragon Ball One BUY,10.35,10.35hrs
18/03/2026 03:00:03,buy,0.20,CADJPY,116.09400,18/03/2026 03:42:30,116.14500,0.00,0.00,5.10,6.41,6.41,5.10,-8.82,-7.00,3901,MKD Dragon Ball One BUY,0.71,0.71hrs
16/03/2026 21:00:00,buy,0.20,GBPJPY,211.87800,16/03/2026 21:08:11,211.95100,0.00,0.00,7.30,9.17,11.31,9.00,-2.89,-2.30,3901,MKD Dragon Ball One BUY,0.14,0.14hrs
16/03/2026 19:00:02,buy,0.20,GBPJPY,211.91000,16/03/2026 20:05:52,211.96900,0.00,0.00,5.90,7.41,7.41,5.90,-22.22,-17.70,3901,MKD Dragon Ball One BUY,1.10,1.10hrs
16/03/2026 18:30:00,buy,0.20,GBPJPY,211.80100,16/03/2026 18:41:48,211.86500,0.00,0.00,6.40,8.04,8.04,6.40,0.00,0.00,3901,MKD Dragon Ball One BUY,0.20,0.20hrs
16/03/2026 18:00:01,buy,0.20,EURJPY,182.84900,16/03/2026 18:06:28,182.90500,0.00,0.00,5.60,7.04,7.04,5.60,0.00,0.00,3901,MKD Dragon Ball One BUY,0.11,0.11hrs
16/03/2026 06:00:09,buy,0.20,GBPJPY,211.53900,16/03/2026 17:52:29,211.63400,0.00,0.00,9.50,11.93,13.32,10.60,-86.61,-69.00,3901,MKD Dragon Ball One BUY,11.87,11.87hrs
16/03/2026 14:30:00,buy,0.20,EURJPY,182.73300,16/03/2026 16:41:36,182.78400,0.00,0.00,5.10,6.41,6.41,5.10,-27.68,-22.00,3901,MKD Dragon Ball One BUY,2.19,2.19hrs
16/03/2026 14:00:00,buy,0.20,AUDCAD,0.96539,16/03/2026 15:35:27,0.96601,0.00,0.00,6.20,9.06,9.06,6.20,-16.37,-11.20,3901,MKD Dragon Ball One BUY,1.59,1.59hrs
16/03/2026 06:30:03,buy,0.20,EURJPY,182.66100,16/03/2026 13:31:19,182.71500,0.00,0.00,5.40,6.78,9.92,7.90,-98.54,-78.50,3901,MKD Dragon Ball One BUY,7.02,7.02hrs
16/03/2026 12:00:08,buy,0.30,EURJPY,182.38500,16/03/2026 13:31:16,182.71900,0.00,0.00,33.40,62.92,66.88,35.50,-6.78,-3.60,3901,MKD Dragon Ball One BUY,1.52,1.52hrs
16/03/2026 12:00:13,buy,0.20,AUDCAD,0.96187,16/03/2026 12:49:33,0.96236,0.00,0.00,4.90,7.16,7.16,5.30,-9.78,-6.70,3901,MKD Dragon Ball One BUY,0.82,0.82hrs
16/03/2026 09:00:03,buy,0.20,AUDCAD,0.96221,16/03/2026 10:14:05,0.96288,0.00,0.00,6.70,9.77,9.77,6.70,-4.23,-2.90,3901,MKD Dragon Ball One BUY,1.23,1.23hrs
16/03/2026 04:00:03,buy,0.20,GBPJPY,211.30700,16/03/2026 04:51:17,211.37000,0.00,0.00,6.30,7.90,7.90,6.30,-8.91,-7.10,3901,MKD Dragon Ball One BUY,0.85,0.85hrs
09/03/2026 18:30:01,buy,0.20,AUDCAD,0.95679,09/03/2026 19:53:05,0.95724,0.00,0.00,4.50,6.63,6.63,4.50,-12.08,-8.20,3901,MKD Dragon Ball One BUY,1.38,1.38hrs
06/03/2026 04:30:02,buy,0.20,NZDCAD,0.80780,09/03/2026 18:18:35,0.80302,0.00,-0.11,-47.80,-70.46,0.00,0.00,-197.96,-134.20,3901,MKD Dragon Ball One BUY,85.81,3.58days
09/03/2026 09:00:03,buy,0.30,NZDCAD,0.79844,09/03/2026 18:18:30,0.80293,0.00,0.00,44.90,99.13,106.21,48.10,-42.29,-19.10,3901,MKD Dragon Ball One BUY,9.31,9.31hrs
09/03/2026 17:30:00,buy,0.20,AUDCAD,0.95473,09/03/2026 17:46:00,0.95540,0.00,0.00,6.70,9.88,9.88,6.70,-6.63,-4.50,3901,MKD Dragon Ball One BUY,0.27,0.27hrs
09/03/2026 16:30:00,buy,0.20,AUDCAD,0.95270,09/03/2026 16:31:11,0.95323,0.00,0.00,5.30,7.82,7.82,5.30,0.00,0.00,3901,MKD Dragon Ball One BUY,0.02,0.02hrs
09/03/2026 15:00:02,buy,0.20,AUDCAD,0.94956,09/03/2026 15:07:44,0.95030,0.00,0.00,7.40,10.93,10.93,7.40,-2.95,-2.00,3901,MKD Dragon Ball One BUY,0.13,0.13hrs
09/03/2026 08:30:03,buy,0.20,AUDCAD,0.95112,09/03/2026 12:33:20,0.95185,0.00,0.00,7.30,10.77,10.77,7.30,-51.60,-35.00,3901,MKD Dragon Ball One BUY,4.05,4.05hrs
09/03/2026 09:30:03,buy,0.20,GBPCHF,1.03916,09/03/2026 10:29:52,1.03963,0.00,0.00,4.70,12.05,16.66,6.50,-14.10,-5.50,3901,MKD Dragon Ball One BUY,1.00,1.00hrs
06/03/2026 05:00:04,buy,0.20,AUDCAD,0.96133,06/03/2026 09:23:26,0.96178,0.00,0.00,4.50,6.59,6.59,4.50,-18.59,-12.70,3901,MKD Dragon Ball One BUY,4.39,4.39hrs
06/03/2026 03:00:04,buy,0.20,NZDCAD,0.80716,06/03/2026 03:21:30,0.80718,0.00,0.00,0.20,0.29,0.73,0.50,-2.63,-1.80,3901,MKD Dragon Ball One BUY,0.36,0.36hrs
03/03/2026 20:30:04,buy,0.50,NZDUSD,0.58874,06/03/2026 03:20:51,0.59096,0.00,-7.50,22.20,103.50,289.00,59.00,-124.50,-24.60,3901,MKD Dragon Ball One BUY,54.85,2.29days
04/03/2026 12:30:01,buy,0.20,NZDCAD,0.80865,04/03/2026 16:21:30,0.80911,0.00,0.00,4.60,6.72,6.72,4.60,-23.28,-15.90,3901,MKD Dragon Ball One BUY,3.86,3.86hrs
03/03/2026 22:30:03,buy,0.20,AUDCAD,0.96302,04/03/2026 12:08:58,0.96522,0.00,0.28,22.00,32.51,32.51,22.00,-88.68,-60.90,3901,MKD Dragon Ball One BUY,13.65,13.65hrs
04/03/2026 08:30:00,buy,0.20,NZDCAD,0.80700,04/03/2026 11:25:16,0.80765,0.00,0.00,6.50,9.51,9.51,6.50,-13.33,-9.10,3901,MKD Dragon Ball One BUY,2.92,2.92hrs
03/03/2026 15:00:07,buy,0.20,NZDCAD,0.80755,04/03/2026 06:08:22,0.80720,0.00,-0.11,-3.50,-5.23,0.00,0.00,-72.99,-50.00,3901,MKD Dragon Ball One BUY,15.14,15.14hrs
04/03/2026 05:00:10,buy,0.30,NZDCAD,0.80586,04/03/2026 06:08:18,0.80718,0.00,0.00,13.20,28.95,28.95,13.20,-6.57,-3.00,3901,MKD Dragon Ball One BUY,1.14,1.14hrs
03/03/2026 21:00:00,buy,0.20,EURJPY,183.13300,04/03/2026 01:59:17,183.18900,0.00,0.16,5.60,7.26,8.15,6.30,-31.58,-25.00,3901,MKD Dragon Ball One BUY,4.99,4.99hrs
03/03/2026 19:00:00,buy,0.20,EURJPY,182.97800,03/03/2026 20:09:19,183.05500,0.00,0.00,7.70,9.77,11.92,9.40,-19.52,-15.40,3901,MKD Dragon Ball One BUY,1.16,1.16hrs
03/03/2026 18:00:04,buy,0.20,EURJPY,182.69200,03/03/2026 18:04:41,182.79300,0.00,0.00,10.10,12.79,12.79,10.10,0.00,0.00,3901,MKD Dragon Ball One BUY,0.08,0.08hrs
02/03/2026 19:30:03,buy,0.20,NZDCAD,0.81334,02/03/2026 21:25:55,0.81385,0.00,0.00,5.10,7.46,9.50,6.50,-3.06,-2.10,3901,MKD Dragon Ball One BUY,1.93,1.93hrs
02/03/2026 14:30:00,buy,0.20,GBPCHF,1.04215,02/03/2026 15:09:45,1.04326,0.00,0.00,11.10,28.48,28.48,11.10,-16.21,-6.30,3901,MKD Dragon Ball One BUY,0.66,0.66hrs
02/03/2026 13:30:00,buy,0.20,GBPCHF,1.03826,02/03/2026 13:43:13,1.03876,0.00,0.00,5.00,12.92,14.72,5.70,0.00,0.00,3901,MKD Dragon Ball One BUY,0.22,0.22hrs
02/03/2026 03:30:00,buy,0.20,GBPCHF,1.03356,02/03/2026 12:46:31,1.03454,0.00,0.00,9.80,25.39,25.39,9.80,-90.67,-34.90,3901,MKD Dragon Ball One BUY,9.28,9.28hrs
02/03/2026 02:30:03,buy,0.20,GBPCHF,1.03158,02/03/2026 02:59:25,1.03274,0.00,0.00,11.60,30.17,30.17,11.60,0.00,0.00,3901,MKD Dragon Ball One BUY,0.49,0.49hrs
26/02/2026 14:30:04,sell,0.20,NZDUSD,0.59861,26/02/2026 17:02:01,0.59794,0.00,0.00,6.70,13.40,13.40,6.70,-18.40,-9.20,3901,MKD Dragon Ball One SELL,2.53,2.53hrs
26/02/2026 10:30:03,sell,0.20,EURCAD,1.61413,26/02/2026 11:42:05,1.61365,0.00,0.00,4.80,7.02,8.92,6.10,-8.48,-5.80,3901,MKD Dragon Ball One SELL,1.20,1.20hrs
18/02/2026 18:00:09,buy,0.20,NZDCAD,0.81912,25/02/2026 18:36:08,0.81924,0.00,-1.61,1.20,0.14,1.17,1.90,-79.72,-54.00,3901,MKD Dragon Ball One BUY,168.60,7.02days
18/02/2026 13:30:03,sell,0.20,EURCAD,1.61518,18/02/2026 14:00:40,1.61473,0.00,0.00,4.50,6.59,7.03,4.80,-6.59,-4.50,3901,MKD Dragon Ball One SELL,0.51,0.51hrs
18/02/2026 10:00:04,buy,0.20,GBPCHF,1.04630,18/02/2026 10:45:37,1.04675,0.00,0.00,4.50,11.66,12.96,5.00,-4.41,-1.70,3901,MKD Dragon Ball One BUY,0.76,0.76hrs
17/02/2026 18:30:00,buy,0.20,CADJPY,112.49400,18/02/2026 04:20:11,112.56900,0.00,0.20,7.50,9.96,10.09,7.60,-32.85,-25.30,3901,MKD Dragon Ball One BUY,9.84,9.84hrs
18/02/2026 02:30:03,buy,0.20,GBPJPY,207.86200,18/02/2026 03:20:17,207.96700,0.00,0.00,10.50,13.68,13.68,10.50,-25.34,-19.40,3901,MKD Dragon Ball One BUY,0.84,0.84hrs
17/02/2026 20:00:04,buy,0.20,GBPCHF,1.04468,18/02/2026 00:07:16,1.04514,0.00,1.22,4.60,13.15,13.15,4.60,-12.21,-4.70,3901,MKD Dragon Ball One BUY,4.12,4.12hrs
17/02/2026 19:30:03,buy,0.20,GBPJPY,207.91000,17/02/2026 21:37:09,207.96300,0.00,0.00,5.30,6.91,9.39,7.30,-20.60,-15.80,3901,MKD Dragon Ball One BUY,2.12,2.12hrs
17/02/2026 18:30:06,buy,0.20,AUDJPY,108.48300,17/02/2026 20:30:28,108.53600,0.00,0.00,5.30,6.91,6.91,5.30,-22.55,-17.30,3901,MKD Dragon Ball One BUY,2.01,2.01hrs
17/02/2026 17:30:03,buy,0.20,CADJPY,112.30800,17/02/2026 17:37:49,112.42700,0.00,0.00,11.90,15.47,15.47,11.90,-5.99,-4.60,3901,MKD Dragon Ball One BUY,0.13,0.13hrs
17/02/2026 07:00:08,sell,0.20,EURCAD,1.61477,17/02/2026 13:57:05,1.61396,0.00,0.00,8.10,11.87,11.87,8.10,-29.02,-19.80,3901,MKD Dragon Ball One SELL,6.95,6.95hrs
16/02/2026 12:30:01,buy,0.20,EURJPY,182.21800,16/02/2026 12:45:46,182.26800,0.00,0.00,5.00,6.51,9.24,7.10,0.00,0.00,3901,MKD Dragon Ball One BUY,0.26,0.26hrs
16/02/2026 10:00:09,buy,0.30,EURJPY,181.92200,16/02/2026 11:58:13,182.19400,0.00,0.00,27.20,53.15,60.75,31.10,-10.57,-5.40,3901,MKD Dragon Ball One BUY,1.97,1.97hrs
13/02/2026 11:30:00,buy,0.20,EURJPY,182.24700,16/02/2026 11:58:13,182.19400,0.00,0.20,-5.30,-6.70,0.00,0.00,-149.51,-114.20,3901,MKD Dragon Ball One BUY,72.47,3.02days
16/02/2026 10:00:03,buy,0.20,CADJPY,112.69700,16/02/2026 11:48:31,112.75800,0.00,0.00,6.10,7.95,7.95,6.10,-8.74,-6.70,3901,MKD Dragon Ball One BUY,1.81,1.81hrs
16/02/2026 10:00:00,buy,0.20,GBPJPY,209.23600,16/02/2026 10:05:23,209.32000,0.00,0.00,8.40,10.96,10.96,8.40,0.00,0.00,3901,MKD Dragon Ball One BUY,0.09,0.09hrs
16/02/2026 08:30:04,sell,0.20,EURCAD,1.61510,16/02/2026 10:03:10,1.61444,0.00,0.00,6.60,9.70,10.73,7.30,-3.82,-2.60,3901,MKD Dragon Ball One SELL,1.55,1.55hrs
12/02/2026 16:30:00,buy,0.20,AUDJPY,109.26100,16/02/2026 09:53:18,108.67300,0.00,0.54,-58.80,-76.17,0.00,0.00,-211.51,-161.80,3901,MKD Dragon Ball One BUY,89.39,3.72days
13/02/2026 11:00:07,buy,0.30,AUDJPY,108.67900,16/02/2026 09:53:17,108.67300,0.00,0.41,-0.60,-0.76,7.06,3.40,-203.25,-103.60,3901,MKD Dragon Ball One BUY,70.89,2.95days
16/02/2026 02:30:07,buy,0.50,AUDJPY,108.26700,16/02/2026 09:53:16,108.67200,0.00,0.00,40.50,132.10,145.45,44.60,-10.45,-3.20,3901,MKD Dragon Ball One BUY,7.39,7.39hrs
13/02/2026 12:30:04,buy,0.20,GBPJPY,209.13300,16/02/2026 09:22:13,209.13100,0.00,0.75,-0.20,0.49,2.21,1.70,-131.52,-100.90,3901,MKD Dragon Ball One BUY,68.87,2.87days
16/02/2026 04:00:03,buy,0.30,GBPJPY,208.78800,16/02/2026 09:22:12,209.13000,0.00,0.00,34.20,66.92,68.29,34.90,-14.51,-7.40,3901,MKD Dragon Ball One BUY,5.37,5.37hrs
16/02/2026 08:00:01,buy,0.20,CADJPY,112.52600,16/02/2026 09:14:23,112.57500,0.00,0.00,4.90,6.40,6.79,5.20,-5.36,-4.10,3901,MKD Dragon Ball One BUY,1.24,1.24hrs
16/02/2026 05:00:04,buy,0.20,CADJPY,112.41100,16/02/2026 06:50:06,112.48700,0.00,0.00,7.60,9.92,12.01,9.20,-2.35,-1.80,3901,MKD Dragon Ball One BUY,1.83,1.83hrs
13/02/2026 11:00:10,buy,0.20,GBPJPY,209.22300,13/02/2026 11:12:28,209.27500,0.00,0.00,5.20,6.77,6.77,5.20,-4.82,-3.70,3901,MKD Dragon Ball One BUY,0.20,0.20hrs
12/02/2026 16:00:02,buy,0.20,EURJPY,182.16800,13/02/2026 10:06:30,182.08000,0.00,0.20,-8.80,-11.26,0.00,0.00,-173.74,-132.40,3901,MKD Dragon Ball One BUY,18.11,18.11hrs
13/02/2026 09:00:03,buy,0.30,EURJPY,181.87900,13/02/2026 10:06:29,182.07700,0.00,0.00,19.80,38.69,44.34,22.70,-14.08,-7.20,3901,MKD Dragon Ball One BUY,1.11,1.11hrs
12/02/2026 15:30:09,buy,0.20,GBPJPY,209.38900,13/02/2026 10:06:20,209.07500,0.00,0.75,-31.40,-40.15,0.00,0.00,-233.71,-178.10,3901,MKD Dragon Ball One BUY,18.60,18.60hrs
13/02/2026 05:00:03,buy,0.30,GBPJPY,208.61600,13/02/2026 10:06:19,209.08600,0.00,0.00,47.00,91.82,100.20,51.30,-96.56,-49.20,3901,MKD Dragon Ball One BUY,5.10,5.10hrs
13/02/2026 04:00:03,buy,0.20,CADJPY,112.59300,13/02/2026 10:04:05,112.70700,0.00,0.00,11.40,14.85,14.85,11.40,-44.88,-34.30,3901,MKD Dragon Ball One BUY,6.07,6.07hrs
12/02/2026 21:30:05,sell,0.20,NZDUSD,0.60347,13/02/2026 07:45:30,0.60295,0.00,0.30,5.20,10.70,12.90,6.30,-12.30,-6.30,3901,MKD Dragon Ball One SELL,10.26,10.26hrs
10/02/2026 09:00:04,sell,0.20,NZDUSD,0.60357,12/02/2026 20:20:14,0.60289,0.00,1.20,6.80,14.80,14.80,6.80,-79.60,-40.40,3901,MKD Dragon Ball One SELL,59.34,2.47days
12/02/2026 15:00:07,buy,0.20,EURJPY,182.46800,12/02/2026 15:07:26,182.48500,0.00,0.00,1.70,2.21,2.21,1.70,-1.56,-1.20,3901,MKD Dragon Ball One BUY,0.12,0.12hrs
12/02/2026 14:30:04,buy,0.20,AUDJPY,109.36900,12/02/2026 14:50:42,109.43500,0.00,0.00,6.60,8.59,8.72,6.70,-2.74,-2.10,3901,MKD Dragon Ball One BUY,0.34,0.34hrs
12/02/2026 14:30:07,buy,0.20,GBPJPY,209.37300,12/02/2026 14:49:29,209.43500,0.00,0.00,6.20,8.07,8.07,6.20,-11.47,-8.80,3901,MKD Dragon Ball One BUY,0.32,0.32hrs
11/02/2026 16:00:06,buy,0.20,CADJPY,113.29200,12/02/2026 14:27:08,113.13400,0.00,0.72,-15.80,-19.88,3.12,2.40,-133.48,-102.20,3901,MKD Dragon Ball One BUY,22.45,22.45hrs
12/02/2026 08:30:04,buy,0.30,CADJPY,112.90600,12/02/2026 14:27:07,113.13600,0.00,0.00,23.00,44.98,51.42,26.30,-66.15,-33.70,3901,MKD Dragon Ball One BUY,5.95,5.95hrs
12/02/2026 14:00:02,buy,0.20,EURJPY,182.21500,12/02/2026 14:15:20,182.29900,0.00,0.00,8.40,10.95,11.73,9.00,-3.78,-2.90,3901,MKD Dragon Ball One BUY,0.26,0.26hrs
12/02/2026 13:30:01,buy,0.20,GBPJPY,208.94700,12/02/2026 13:48:17,209.03400,0.00,0.00,8.70,11.35,11.35,8.70,-0.65,-0.50,3901,MKD Dragon Ball One BUY,0.30,0.30hrs
12/02/2026 09:00:07,buy,0.20,EURJPY,181.87700,12/02/2026 13:16:16,181.98100,0.00,0.00,10.40,13.58,13.58,10.40,-48.41,-37.00,3901,MKD Dragon Ball One BUY,4.27,4.27hrs
12/02/2026 11:30:01,buy,0.20,GBPJPY,208.73500,12/02/2026 11:35:53,208.81100,0.00,0.00,7.60,9.93,10.72,8.20,0.00,0.00,3901,MKD Dragon Ball One BUY,0.10,0.10hrs
12/02/2026 08:30:09,buy,0.20,GBPJPY,208.83400,12/02/2026 08:37:06,208.89700,0.00,0.00,6.30,8.20,8.20,6.30,-8.87,-6.80,3901,MKD Dragon Ball One BUY,0.12,0.12hrs
11/02/2026 13:00:04,buy,0.20,CADJPY,113.50700,11/02/2026 15:32:32,113.57800,0.00,0.00,7.10,9.20,9.20,7.10,-41.82,-32.10,3901,MKD Dragon Ball One BUY,2.54,2.54hrs
10/02/2026 20:30:03,buy,0.20,GBPCHF,1.04825,11/02/2026 11:14:35,1.04935,0.00,1.18,11.00,29.88,33.01,12.20,-57.75,-22.60,3901,MKD Dragon Ball One BUY,14.74,14.74hrs
06/02/2026 11:00:04,buy,0.20,GBPCHF,1.05628,06/02/2026 12:01:09,1.05674,0.00,0.00,4.60,11.82,13.11,5.10,-10.79,-4.20,3901,MKD Dragon Ball One BUY,1.02,1.02hrs
02/02/2026 16:00:03,buy,0.20,AUDCAD,0.94933,02/02/2026 16:39:43,0.94997,0.00,0.00,6.40,9.38,9.38,6.40,-9.95,-6.80,3901,MKD Dragon Ball One BUY,0.66,0.66hrs
30/01/2026 18:30:01,buy,0.20,AUDCAD,0.94895,02/02/2026 12:17:36,0.94946,0.00,0.26,5.10,7.75,9.94,6.60,-72.23,-49.30,3901,MKD Dragon Ball One BUY,65.79,2.74days
29/01/2026 18:00:00,sell,0.20,NZDUSD,0.60315,30/01/2026 20:10:42,0.60226,0.00,0.34,8.90,18.14,20.14,9.90,-103.66,-52.00,3901,MKD Dragon Ball One SELL,26.18,1.09days
30/01/2026 17:00:00,buy,0.20,AUDCAD,0.94848,30/01/2026 17:45:26,0.94965,0.00,0.00,11.70,17.30,19.67,13.30,-18.78,-12.70,3901,MKD Dragon Ball One BUY,0.76,0.76hrs
30/01/2026 14:00:04,buy,0.20,NZDCAD,0.82013,30/01/2026 16:32:16,0.82071,0.00,0.00,5.80,8.57,9.02,6.10,-17.45,-11.80,3901,MKD Dragon Ball One BUY,2.54,2.54hrs
30/01/2026 14:30:06,buy,0.20,AUDCAD,0.94834,30/01/2026 15:14:33,0.94889,0.00,0.00,5.50,8.14,8.14,5.50,-16.71,-11.30,3901,MKD Dragon Ball One BUY,0.74,0.74hrs
29/01/2026 15:00:03,sell,0.20,NZDUSD,0.60768,29/01/2026 15:50:26,0.60699,0.00,0.00,6.90,13.80,13.80,6.90,-10.80,-5.40,3901,MKD Dragon Ball One SELL,0.84,0.84hrs
28/01/2026 21:00:15,buy,0.20,GBPJPY,211.93200,29/01/2026 09:23:31,212.01000,0.00,2.17,7.80,12.35,14.05,9.10,-74.67,-58.80,3901,MKD Dragon Ball One BUY,12.39,12.39hrs
28/01/2026 20:00:00,buy,0.20,GBPJPY,211.71900,28/01/2026 20:07:12,211.76700,0.00,0.00,4.80,6.25,6.25,4.80,0.00,0.00,3901,MKD Dragon Ball One BUY,0.12,0.12hrs
28/01/2026 19:00:04,buy,0.20,GBPJPY,211.72900,28/01/2026 19:21:02,211.80400,0.00,0.00,7.50,9.76,9.76,7.50,0.00,0.00,3901,MKD Dragon Ball One BUY,0.35,0.35hrs
28/01/2026 05:00:02,buy,0.20,GBPJPY,210.98000,28/01/2026 17:09:41,211.13500,0.00,0.00,15.50,20.19,20.33,15.60,-117.14,-89.30,3901,MKD Dragon Ball One BUY,12.16,12.16hrs
28/01/2026 08:00:03,buy,0.20,AUDJPY,106.95000,28/01/2026 16:51:41,107.01100,0.00,0.00,6.10,7.99,8.64,6.60,-32.37,-24.70,3901,MKD Dragon Ball One BUY,8.86,8.86hrs
28/01/2026 12:30:02,buy,0.20,GBPCHF,1.05815,28/01/2026 16:11:00,1.05855,0.00,0.00,4.00,10.42,10.42,4.00,-38.09,-14.60,3901,MKD Dragon Ball One BUY,3.68,3.68hrs
27/01/2026 19:30:03,sell,0.20,EURCAD,1.62738,28/01/2026 09:40:09,1.62861,0.00,-0.39,-12.30,-18.51,0.00,0.00,-146.72,-99.60,3901,MKD Dragon Ball One SELL,14.17,14.17hrs
28/01/2026 06:30:02,sell,0.30,EURCAD,1.63106,28/01/2026 09:40:08,1.62866,0.00,0.00,24.00,53.01,62.98,28.50,-16.36,-7.40,3901,MKD Dragon Ball One SELL,3.17,3.17hrs
27/01/2026 10:30:03,buy,0.20,AUDJPY,106.90900,28/01/2026 02:30:50,107.05300,0.00,0.25,14.40,19.12,19.12,14.40,-101.64,-77.90,3901,MKD Dragon Ball One BUY,16.01,16.01hrs
27/01/2026 03:33:07,buy,0.20,GBPJPY,211.13900,27/01/2026 05:03:20,211.25700,0.00,0.00,11.80,15.30,15.30,11.80,-11.67,-9.00,3901,MKD Dragon Ball One BUY,1.50,1.50hrs
27/01/2026 03:00:29,buy,0.20,EURJPY,183.23000,27/01/2026 03:03:46,183.28900,0.00,0.00,5.90,7.64,8.42,7.90,0.00,0.00,3901,MKD Dragon Ball One BUY,0.05,0.05hrs
26/01/2026 21:31:33,buy,0.20,EURJPY,183.11100,26/01/2026 23:27:14,183.13100,0.00,0.00,2.00,2.59,4.28,3.30,-27.42,-21.10,3901,MKD Dragon Ball One BUY,1.93,1.93hrs
26/01/2026 22:02:13,buy,0.20,GBPJPY,210.70600,26/01/2026 22:57:35,210.79400,0.00,0.00,8.80,11.42,12.85,9.90,-10.52,-8.10,3901,MKD Dragon Ball One BUY,0.92,0.92hrs
26/01/2026 18:30:01,buy,0.20,EURJPY,183.01100,26/01/2026 20:43:32,183.06100,0.00,0.00,5.00,6.49,7.14,5.50,-17.68,-13.60,3901,MKD Dragon Ball One BUY,2.23,2.23hrs
26/01/2026 16:00:04,buy,0.20,CADJPY,112.43500,26/01/2026 18:09:18,112.48900,0.00,0.00,5.40,7.02,7.02,5.40,-30.73,-23.60,3901,MKD Dragon Ball One BUY,2.15,2.15hrs
26/01/2026 16:30:00,buy,0.20,EURJPY,182.67100,26/01/2026 17:31:17,182.72900,0.00,0.00,5.80,7.54,7.54,5.80,-19.64,-15.10,3901,MKD Dragon Ball One BUY,1.02,1.02hrs
26/01/2026 15:00:03,buy,0.20,GBPJPY,210.45100,26/01/2026 15:06:10,210.54800,0.00,0.00,9.70,12.57,12.57,9.70,0.00,0.00,3901,MKD Dragon Ball One BUY,0.10,0.10hrs
26/01/2026 14:30:03,buy,0.20,EURJPY,182.44300,26/01/2026 14:39:19,182.50800,0.00,0.00,6.50,8.44,8.44,6.50,0.00,0.00,3901,MKD Dragon Ball One BUY,0.15,0.15hrs
23/01/2026 07:30:03,sell,0.20,NZDUSD,0.59094,23/01/2026 10:03:46,0.59034,0.00,0.00,6.00,12.00,12.00,6.00,-6.80,-3.40,3901,MKD Dragon Ball One SELL,2.56,2.56hrs
20/01/2026 22:00:05,sell,0.20,EURCAD,1.62021,21/01/2026 10:35:09,1.61938,0.00,-0.37,8.30,11.64,11.64,8.30,-38.67,-26.50,3901,MKD Dragon Ball One SELL,12.58,12.58hrs
21/01/2026 08:00:03,buy,0.20,GBPCHF,1.06289,21/01/2026 09:11:38,1.06332,0.00,0.00,4.30,10.87,10.87,4.30,-11.38,-4.50,3901,MKD Dragon Ball One BUY,1.19,1.19hrs
20/01/2026 19:30:02,sell,0.20,EURCAD,1.62178,20/01/2026 21:14:33,1.62123,0.00,0.00,5.50,7.95,7.95,5.50,-15.62,-10.80,3901,MKD Dragon Ball One SELL,1.74,1.74hrs
19/01/2026 10:00:00,buy,0.20,EURJPY,183.79200,19/01/2026 17:43:16,183.83500,0.00,0.00,4.30,5.44,6.33,5.00,-37.63,-29.70,3901,MKD Dragon Ball One BUY,7.72,7.72hrs
19/01/2026 11:00:03,buy,0.20,AUDJPY,105.81500,19/01/2026 13:33:56,105.90400,0.00,0.00,8.90,11.26,11.26,8.90,-13.55,-10.70,3901,MKD Dragon Ball One BUY,2.56,2.56hrs
19/01/2026 12:30:05,buy,0.20,GBPJPY,211.69100,19/01/2026 13:07:52,211.73500,0.00,0.00,4.40,5.57,8.61,6.80,-4.69,-3.70,3901,MKD Dragon Ball One BUY,0.63,0.63hrs
19/01/2026 11:00:00,buy,0.20,GBPJPY,211.90600,19/01/2026 11:05:07,211.96600,0.00,0.00,6.00,7.59,7.59,6.00,0.00,-1.20,3901,MKD Dragon Ball One BUY,0.09,0.09hrs
19/01/2026 08:00:00,buy,0.20,AUDJPY,105.73900,19/01/2026 10:11:37,105.81100,0.00,0.00,7.20,9.11,10.88,8.60,-16.23,-12.80,3901,MKD Dragon Ball One BUY,2.19,2.19hrs
19/01/2026 10:00:03,buy,0.20,GBPJPY,211.66000,19/01/2026 10:10:17,211.72800,0.00,0.00,6.80,8.60,8.60,6.80,-2.66,-2.10,3901,MKD Dragon Ball One BUY,0.17,0.17hrs
19/01/2026 08:30:07,buy,0.20,GBPJPY,211.57300,19/01/2026 09:26:53,211.62900,0.00,0.00,5.60,7.10,9.37,7.40,-15.46,-12.20,3901,MKD Dragon Ball One BUY,0.95,0.95hrs
19/01/2026 08:30:03,buy,0.20,EURJPY,183.66200,19/01/2026 09:26:51,183.75600,0.00,0.00,9.40,11.91,13.80,10.90,-20.15,-15.90,3901,MKD Dragon Ball One BUY,0.95,0.95hrs
19/01/2026 06:30:06,buy,0.20,EURJPY,183.58200,19/01/2026 07:37:42,183.68000,0.00,0.00,9.80,12.42,12.42,9.80,-4.56,-3.60,3901,MKD Dragon Ball One BUY,1.13,1.13hrs
19/01/2026 07:00:00,buy,0.20,GBPJPY,211.42000,19/01/2026 07:28:39,211.52300,0.00,0.00,10.30,13.06,13.06,10.30,-8.62,-6.80,3901,MKD Dragon Ball One BUY,0.48,0.48hrs
19/01/2026 06:30:01,buy,0.20,AUDJPY,105.62600,19/01/2026 07:28:34,105.71400,0.00,0.00,8.80,11.15,11.15,8.80,-7.60,-6.00,3901,MKD Dragon Ball One BUY,0.98,0.98hrs
19/01/2026 05:00:01,buy,0.20,EURJPY,183.42000,19/01/2026 05:41:46,183.51400,0.00,0.00,9.40,11.91,13.93,11.00,-1.77,-1.40,3901,MKD Dragon Ball One BUY,0.70,0.70hrs
19/01/2026 05:30:00,buy,0.20,GBPJPY,211.32400,19/01/2026 05:38:08,211.38300,0.00,0.00,5.90,7.47,7.47,5.90,-3.68,-2.90,3901,MKD Dragon Ball One BUY,0.14,0.14hrs
19/01/2026 04:30:06,buy,0.20,AUDJPY,105.46900,19/01/2026 04:50:56,105.53900,0.00,0.00,7.00,8.87,10.13,8.00,-3.17,-2.50,3901,MKD Dragon Ball One BUY,0.35,0.35hrs
19/01/2026 04:00:00,buy,0.20,EURJPY,183.28100,19/01/2026 04:14:00,183.39800,0.00,0.00,11.70,14.83,14.83,11.70,-0.89,-0.70,3901,MKD Dragon Ball One BUY,0.23,0.23hrs
19/01/2026 04:00:06,buy,0.20,GBPJPY,211.19300,19/01/2026 04:13:58,211.30500,0.00,0.00,11.20,14.20,14.20,11.20,-1.01,-0.80,3901,MKD Dragon Ball One BUY,0.23,0.23hrs
19/01/2026 02:30:04,buy,0.20,EURJPY,183.26600,19/01/2026 02:40:24,183.30800,0.00,0.00,4.20,5.34,8.12,6.50,0.00,0.00,3901,MKD Dragon Ball One BUY,0.17,0.17hrs
16/01/2026 12:00:08,buy,0.20,GBPJPY,211.93600,16/01/2026 12:38:45,212.03100,0.00,0.00,9.50,12.02,12.02,9.50,-4.43,-3.50,3901,MKD Dragon Ball One BUY,0.64,0.64hrs
15/01/2026 03:00:02,buy,0.20,AUDCAD,0.92828,15/01/2026 10:28:57,0.92946,0.00,0.00,11.80,16.98,18.13,12.60,-25.76,-17.90,3901,MKD Dragon Ball One BUY,7.48,7.48hrs
12/01/2026 22:00:03,sell,0.20,EURCAD,1.61884,13/01/2026 03:26:59,1.61816,0.00,-0.33,6.80,9.47,10.19,7.30,-20.64,-14.10,3901,MKD Dragon Ball One SELL,5.45,5.45hrs
09/01/2026 21:30:02,buy,0.20,NZDCAD,0.79699,12/01/2026 02:22:51,0.79772,0.00,-0.26,7.30,10.24,12.83,9.10,-10.76,-7.30,3901,MKD Dragon Ball One BUY,52.88,2.20days
09/01/2026 20:00:03,buy,0.20,NZDCAD,0.79616,09/01/2026 20:45:10,0.79695,0.00,0.00,7.90,11.37,12.80,8.90,0.00,0.00,3901,MKD Dragon Ball One BUY,0.75,0.75hrs
07/01/2026 04:30:02,buy,0.20,EURJPY,183.32700,09/01/2026 07:13:09,183.31200,0.00,0.68,-1.50,-1.23,0.55,0.00,-85.60,-67.50,3901,MKD Dragon Ball One BUY,50.72,2.11days
07/01/2026 18:00:02,buy,0.30,EURJPY,183.16800,09/01/2026 07:13:08,183.31100,0.00,1.03,14.30,28.31,31.17,15.80,-97.97,-51.60,3901,MKD Dragon Ball One BUY,37.22,1.55days
08/01/2026 17:30:06,buy,0.20,GBPJPY,210.99600,09/01/2026 02:55:38,210.91100,0.00,0.71,-8.50,-10.12,4.71,3.70,-56.72,-44.60,3901,MKD Dragon Ball One BUY,9.43,9.43hrs
08/01/2026 20:00:10,buy,0.30,GBPJPY,210.69700,09/01/2026 02:55:36,210.91100,0.00,1.07,21.40,41.95,44.15,23.10,-27.92,-14.70,3901,MKD Dragon Ball One BUY,6.92,6.92hrs
08/01/2026 20:00:07,sell,0.20,EURCAD,1.61558,08/01/2026 23:01:30,1.61497,0.00,0.00,6.10,8.80,9.09,6.30,-8.94,-6.20,3901,MKD Dragon Ball One SELL,3.02,3.02hrs
08/01/2026 18:30:01,sell,0.20,EURCAD,1.61618,08/01/2026 19:12:58,1.61547,0.00,0.00,7.10,10.24,10.24,7.10,0.00,0.00,3901,MKD Dragon Ball One SELL,0.72,0.72hrs
08/01/2026 17:30:00,sell,0.20,EURCAD,1.61716,08/01/2026 17:45:42,1.61669,0.00,0.00,4.70,6.79,6.79,4.70,-0.87,-0.60,3901,MKD Dragon Ball One SELL,0.26,0.26hrs
08/01/2026 16:30:02,buy,0.20,CADJPY,113.26600,08/01/2026 16:35:54,113.32500,0.00,0.00,5.90,7.52,7.52,5.90,-3.06,-2.40,3901,MKD Dragon Ball One BUY,0.10,0.10hrs
08/01/2026 16:00:00,sell,0.20,EURCAD,1.61659,08/01/2026 16:34:29,1.61598,0.00,0.00,6.10,8.80,9.38,6.50,-4.90,-3.40,3901,MKD Dragon Ball One SELL,0.57,0.57hrs
08/01/2026 13:30:04,buy,0.20,CADJPY,113.05700,08/01/2026 15:30:16,113.10900,0.00,0.00,5.20,6.64,6.64,5.20,-8.17,-6.40,3901,MKD Dragon Ball One BUY,2.00,2.00hrs
08/01/2026 14:30:09,sell,0.20,EURCAD,1.61875,08/01/2026 14:48:12,1.61837,0.00,0.00,3.80,5.48,9.23,6.40,-1.01,-0.70,3901,MKD Dragon Ball One SELL,0.30,0.30hrs
07/01/2026 16:00:00,sell,0.20,EURCAD,1.61282,07/01/2026 16:20:07,1.61226,0.00,0.00,5.60,8.12,8.56,5.90,-5.51,-3.80,3901,MKD Dragon Ball One SELL,0.34,0.34hrs
07/01/2026 15:30:02,buy,0.20,CADJPY,113.35800,07/01/2026 16:15:11,113.43700,0.00,0.00,7.90,10.10,10.10,7.90,-8.82,-6.90,3901,MKD Dragon Ball One BUY,0.75,0.75hrs
07/01/2026 14:00:01,sell,0.20,EURCAD,1.61375,07/01/2026 15:14:58,1.61327,0.00,0.00,4.80,6.95,6.95,4.80,-4.20,-2.90,3901,MKD Dragon Ball One SELL,1.25,1.25hrs
07/01/2026 12:00:04,buy,0.20,CADJPY,113.28000,07/01/2026 13:14:49,113.39400,0.00,0.00,11.40,14.56,16.35,12.80,-2.17,-1.70,3901,MKD Dragon Ball One BUY,1.25,1.25hrs
07/01/2026 12:30:00,sell,0.20,EURCAD,1.61478,07/01/2026 13:02:13,1.61374,0.00,0.00,10.40,15.07,16.37,11.30,-3.91,-2.70,3901,MKD Dragon Ball One SELL,0.54,0.54hrs
07/01/2026 11:00:10,sell,0.20,EURCAD,1.61452,07/01/2026 11:27:17,1.61382,0.00,0.00,7.00,10.13,10.13,7.00,-3.76,-2.60,3901,MKD Dragon Ball One SELL,0.45,0.45hrs
06/01/2026 13:00:01,sell,0.20,EURCAD,1.61187,06/01/2026 16:38:44,1.61105,0.00,0.00,8.20,11.91,14.82,10.20,-21.63,-14.90,3901,MKD Dragon Ball One SELL,3.65,3.65hrs
06/01/2026 11:30:00,sell,0.20,EURCAD,1.61207,06/01/2026 12:17:44,1.61148,0.00,0.00,5.90,8.58,8.72,6.00,-16.27,-11.20,3901,MKD Dragon Ball One SELL,0.80,0.80hrs
06/01/2026 10:30:03,sell,0.20,EURCAD,1.61402,06/01/2026 11:08:08,1.61353,0.00,0.00,4.90,7.12,9.74,6.70,-4.50,-3.10,3901,MKD Dragon Ball One SELL,0.63,0.63hrs
06/01/2026 07:00:03,buy,0.20,CADJPY,113.62800,06/01/2026 08:14:00,113.67800,0.00,0.00,5.00,6.39,7.41,5.80,-6.91,-5.40,3901,MKD Dragon Ball One BUY,1.23,1.23hrs
06/01/2026 02:00:03,buy,0.20,EURJPY,183.46800,06/01/2026 02:01:58,183.53200,0.00,0.00,6.40,8.17,8.17,6.40,0.00,0.00,3901,MKD Dragon Ball One BUY,0.03,0.03hrs
05/01/2026 22:00:00,buy,0.20,EURJPY,183.22700,05/01/2026 22:59:42,183.28200,0.00,0.00,5.50,7.04,7.16,5.60,-8.32,-6.50,3901,MKD Dragon Ball One BUY,0.99,0.99hrs
05/01/2026 19:30:03,buy,0.20,EURJPY,183.15400,05/01/2026 20:30:34,183.20900,0.00,0.00,5.50,7.04,8.32,6.50,-7.29,-5.70,3901,MKD Dragon Ball One BUY,1.01,1.01hrs
30/12/2025 08:00:03,buy,0.20,NZDCAD,0.79598,02/01/2026 17:10:55,0.79320,0.00,-1.30,-27.80,-41.78,0.00,0.00,-124.02,-84.90,3901,MKD Dragon Ball One BUY,81.18,3.38days
02/01/2026 07:00:08,buy,0.30,NZDCAD,0.79007,02/01/2026 17:10:53,0.79319,0.00,0.00,31.20,68.14,73.81,33.80,-19.92,-9.10,3901,MKD Dragon Ball One BUY,10.18,10.18hrs
02/01/2026 09:00:03,sell,0.20,EURCAD,1.61039,02/01/2026 09:36:25,1.60842,0.00,0.00,19.70,28.74,28.74,19.70,0.00,0.00,3901,MKD Dragon Ball One SELL,0.61,0.61hrs
31/12/2025 21:30:14,buy,0.20,AUDCAD,0.91556,02/01/2026 03:02:06,0.91666,0.00,0.53,11.00,16.58,17.75,11.80,-16.09,-11.40,3901,MKD Dragon Ball One BUY,29.53,1.23days
29/12/2025 22:30:04,buy,0.20,NZDCAD,0.79450,30/12/2025 07:09:15,0.79515,0.00,-0.26,6.50,9.24,10.99,7.70,-19.84,-13.40,3901,MKD Dragon Ball One BUY,8.65,8.65hrs
26/12/2025 14:00:04,sell,0.20,NZDUSD,0.58200,29/12/2025 10:08:45,0.58123,0.00,0.30,7.70,15.70,15.70,7.70,-45.20,-22.60,3901,MKD Dragon Ball One SELL,68.14,2.84days
24/12/2025 23:32:35,sell,0.20,NZDUSD,0.58338,26/12/2025 09:03:43,0.58283,0.00,1.21,5.50,12.21,14.21,6.50,-32.79,-17.00,3901,MKD Dragon Ball One SELL,33.52,1.40days
23/12/2025 23:00:03,sell,0.20,NZDUSD,0.58376,24/12/2025 14:53:30,0.58374,0.00,0.30,0.20,0.70,1.10,0.40,-30.90,-15.60,3901,MKD Dragon Ball One SELL,15.89,15.89hrs
16/12/2025 12:30:00,buy,0.20,AUDCAD,0.91432,22/12/2025 10:00:42,0.91457,0.00,1.73,2.50,5.36,11.02,6.40,-79.52,-55.60,3901,MKD Dragon Ball One BUY,141.51,5.90days
17/12/2025 04:30:04,buy,0.30,AUDCAD,0.91232,22/12/2025 10:00:41,0.91457,0.00,2.15,22.50,51.14,59.61,26.40,-76.19,-35.60,3901,MKD Dragon Ball One BUY,125.51,5.23days
18/12/2025 16:30:00,buy,0.20,NZDCAD,0.79637,22/12/2025 05:40:29,0.79556,0.00,-0.42,-8.10,-12.16,0.58,0.40,-77.81,-53.50,3901,MKD Dragon Ball One BUY,85.17,3.55days
19/12/2025 18:30:03,buy,0.30,NZDCAD,0.79339,22/12/2025 05:40:28,0.79556,0.00,-0.32,21.70,46.86,56.66,26.20,-4.67,-2.00,3901,MKD Dragon Ball One BUY,59.17,2.47days
18/12/2025 15:00:03,buy,0.20,NZDCAD,0.79496,18/12/2025 16:11:42,0.79658,0.00,0.00,16.20,23.53,23.53,16.20,-5.80,-4.00,3901,MKD Dragon Ball One BUY,1.19,1.19hrs
17/12/2025 06:30:03,buy,0.20,NZDCAD,0.79621,17/12/2025 17:19:49,0.79670,0.00,0.00,4.90,7.12,9.15,6.30,-21.92,-15.10,3901,MKD Dragon Ball One BUY,10.83,10.83hrs
16/12/2025 14:30:01,buy,0.20,GBPJPY,207.87400,16/12/2025 16:18:04,207.94500,0.00,0.00,7.10,9.16,9.16,7.10,-30.89,-23.90,3901,MKD Dragon Ball One BUY,1.80,1.80hrs
16/12/2025 10:30:03,buy,0.20,NZDCAD,0.79692,16/12/2025 15:31:58,0.79747,0.00,0.00,5.50,8.00,8.00,5.50,-21.36,-14.70,3901,MKD Dragon Ball One BUY,5.03,5.03hrs
16/12/2025 13:00:00,buy,0.20,GBPJPY,207.89800,16/12/2025 14:07:34,207.92700,0.00,0.00,2.90,3.75,3.75,2.90,-17.82,-13.80,3901,MKD Dragon Ball One BUY,1.13,1.13hrs
15/12/2025 19:00:11,buy,0.20,GBPJPY,207.77700,16/12/2025 12:43:36,207.84300,0.00,0.89,6.60,9.41,9.41,6.60,-127.50,-99.30,3901,MKD Dragon Ball One BUY,17.72,17.72hrs
16/12/2025 11:30:05,buy,0.30,GBPJPY,207.60500,16/12/2025 12:43:34,207.84400,0.00,0.00,23.90,46.30,46.30,23.90,-0.39,-0.20,3901,MKD Dragon Ball One BUY,1.22,1.22hrs
16/12/2025 06:30:06,buy,0.20,AUDCAD,0.91383,16/12/2025 10:15:05,0.91435,0.00,0.00,5.20,7.55,8.86,6.00,-13.65,-9.40,3901,MKD Dragon Ball One BUY,3.75,3.75hrs
15/12/2025 16:30:01,buy,0.20,GBPJPY,207.62100,15/12/2025 18:10:27,207.77000,0.00,0.00,14.90,19.20,25.52,19.80,-28.01,-21.70,3901,MKD Dragon Ball One BUY,1.67,1.67hrs
15/12/2025 04:00:04,buy,0.20,AUDCAD,0.91553,15/12/2025 15:49:38,0.91587,0.00,0.00,3.40,4.94,4.94,3.40,-18.31,-12.60,3901,MKD Dragon Ball One BUY,11.83,11.83hrs
15/12/2025 03:00:03,buy,0.20,NZDCAD,0.79901,15/12/2025 15:48:22,0.79783,0.00,0.00,-11.80,-17.15,4.36,3.00,-74.08,-51.00,3901,MKD Dragon Ball One BUY,12.81,12.81hrs
15/12/2025 09:00:08,buy,0.30,NZDCAD,0.79635,15/12/2025 15:48:21,0.79785,0.00,0.00,15.00,32.70,32.70,15.00,-25.94,-11.90,3901,MKD Dragon Ball One BUY,6.80,6.80hrs
15/12/2025 14:30:05,buy,0.20,GBPJPY,207.59100,15/12/2025 15:46:59,207.64400,0.00,0.00,5.30,6.84,9.15,7.10,-8.78,-6.80,3901,MKD Dragon Ball One BUY,1.28,1.28hrs
12/12/2025 07:00:03,buy,0.20,GBPCHF,1.06458,15/12/2025 10:27:58,1.06509,0.00,1.43,5.10,14.23,14.23,5.10,-59.84,-23.80,3901,MKD Dragon Ball One BUY,75.47,3.14days
11/12/2025 07:30:03,sell,0.20,NZDUSD,0.57948,15/12/2025 04:07:37,0.57888,0.00,0.38,6.00,12.38,16.18,7.90,-71.00,-35.50,3901,MKD Dragon Ball One SELL,92.63,3.86days
12/12/2025 04:30:09,sell,0.20,EURCAD,1.61592,12/12/2025 10:15:18,1.61530,0.00,0.00,6.20,9.01,9.16,6.30,-13.94,-9.60,3901,MKD Dragon Ball One SELL,5.75,5.75hrs
12/12/2025 03:00:03,sell,0.20,EURCAD,1.61682,12/12/2025 03:57:36,1.61635,0.00,0.00,4.70,6.83,8.28,5.70,-4.94,-3.40,3901,MKD Dragon Ball One SELL,0.96,0.96hrs
11/12/2025 15:31:13,balance,0.01,,0.00000,11/12/2025 15:31:13,0.00000,0.00,0.00,0.00,-1000.00,0.00,0.00,-1000.00,0.00,0,Transfer Out to 1873851,0.00,0.00hrs
09/12/2025 07:00:18,buy,0.20,AUDCAD,0.92034,10/12/2025 22:05:48,0.92085,0.00,0.40,5.10,7.79,14.41,9.70,-29.61,-20.50,3901,MKD Dragon Ball One BUY,39.09,1.63days
05/12/2025 06:00:04,sell,0.20,NZDUSD,0.57633,10/12/2025 07:16:43,0.57726,0.00,0.74,-9.30,-17.86,5.36,2.50,-63.45,-32.00,3901,MKD Dragon Ball One SELL,121.28,5.05days
09/12/2025 23:30:03,sell,0.30,NZDUSD,0.57790,10/12/2025 07:16:42,0.57726,0.00,0.29,6.40,19.49,46.49,15.40,-9.61,-3.30,3901,MKD Dragon Ball One SELL,7.78,7.78hrs
08/12/2025 03:30:03,buy,0.20,NZDCAD,0.79988,09/12/2025 04:54:10,0.80037,0.00,-0.11,4.90,6.96,6.96,4.90,-47.60,-32.90,3901,MKD Dragon Ball One BUY,25.40,1.06days
04/12/2025 20:00:04,buy,0.20,CADJPY,111.13000,05/12/2025 02:10:01,111.18300,0.00,0.23,5.30,7.06,10.02,7.60,-11.49,-8.90,3901,MKD Dragon Ball One BUY,6.17,6.17hrs
02/12/2025 06:00:12,sell,0.20,NZDUSD,0.57254,02/12/2025 11:48:39,0.57179,0.00,0.00,7.50,15.00,16.60,8.30,-14.00,-7.00,3901,MKD Dragon Ball One SELL,5.81,5.81hrs
02/12/2025 09:31:43,buy,0.20,GBPJPY,205.84600,02/12/2025 10:36:10,206.09100,0.00,0.00,24.50,31.42,31.42,24.50,-15.54,-12.10,3901,MKD Dragon Ball One BUY,1.07,1.07hrs
01/12/2025 23:30:03,sell,0.20,NZDUSD,0.57258,02/12/2025 03:11:39,0.57204,0.00,0.36,5.40,11.16,11.16,5.40,-8.40,-4.20,3901,MKD Dragon Ball One SELL,3.69,3.69hrs
02/12/2025 02:30:04,buy,0.20,EURJPY,180.59700,02/12/2025 02:54:32,180.65900,0.00,0.00,6.20,7.96,7.96,6.20,-5.14,-4.00,3901,MKD Dragon Ball One BUY,0.41,0.41hrs
01/12/2025 19:00:16,buy,0.20,EURJPY,180.50200,01/12/2025 19:20:17,180.54700,0.00,0.00,4.50,5.80,6.95,5.40,-1.29,-1.00,3901,MKD Dragon Ball One BUY,0.33,0.33hrs
27/11/2025 12:00:00,sell,0.20,GBPUSD,1.32131,28/11/2025 10:25:11,1.32085,0.00,-0.22,4.60,8.98,8.98,4.60,-85.00,-42.50,3901,MKD Dragon Ball One SELL,22.42,22.42hrs
27/11/2025 16:30:03,sell,0.30,GBPUSD,1.32330,28/11/2025 10:25:10,1.32084,0.00,-0.34,24.60,73.46,73.46,24.60,-67.80,-22.60,3901,MKD Dragon Ball One SELL,17.92,17.92hrs
27/11/2025 11:00:06,sell,0.20,GBPUSD,1.32222,27/11/2025 11:16:09,1.32127,0.00,0.00,9.50,19.00,21.00,10.50,0.00,0.00,3901,MKD Dragon Ball One SELL,0.27,0.27hrs
27/11/2025 09:30:02,sell,0.20,GBPUSD,1.32392,27/11/2025 09:47:40,1.32338,0.00,0.00,5.40,10.80,15.00,7.50,0.00,0.00,3901,MKD Dragon Ball One SELL,0.29,0.29hrs
26/11/2025 18:00:00,sell,0.20,EURCAD,1.62914,26/11/2025 19:01:22,1.62844,0.00,0.00,7.00,9.96,9.96,7.00,-15.22,-10.70,3901,MKD Dragon Ball One SELL,1.02,1.02hrs
26/11/2025 04:00:04,sell,0.20,EURCAD,1.63060,26/11/2025 09:30:19,1.62984,0.00,0.00,7.60,10.80,10.94,7.70,-14.78,-10.40,3901,MKD Dragon Ball One SELL,5.50,5.50hrs
26/11/2025 03:00:12,buy,0.20,CADJPY,110.83800,26/11/2025 03:16:08,110.90400,0.00,0.00,6.60,8.44,8.57,6.70,0.00,0.00,3901,MKD Dragon Ball One BUY,0.27,0.27hrs
26/11/2025 02:30:04,buy,0.20,AUDJPY,101.18500,26/11/2025 02:31:17,101.28200,0.00,0.00,9.70,12.43,12.43,9.70,0.00,0.00,3901,MKD Dragon Ball One BUY,0.02,0.02hrs
21/11/2025 19:30:00,buy,0.20,AUDCAD,0.91013,24/11/2025 04:41:11,0.91076,0.00,0.23,6.30,9.17,15.27,10.60,-15.46,-10.90,3901,MKD Dragon Ball One BUY,57.19,2.38days
21/11/2025 11:00:06,buy,0.20,AUDCAD,0.90876,21/11/2025 18:31:13,0.90955,0.00,0.00,7.90,11.19,11.19,7.90,-44.25,-31.20,3901,MKD Dragon Ball One BUY,7.52,7.52hrs
21/11/2025 09:00:13,buy,0.20,NZDUSD,0.56015,21/11/2025 10:53:56,0.56039,0.00,0.00,2.40,4.80,6.60,3.30,-19.40,-9.70,3901,MKD Dragon Ball One BUY,1.90,1.90hrs
20/11/2025 13:30:00,buy,0.20,NZDCAD,0.78933,20/11/2025 15:31:00,0.78993,0.00,0.00,6.00,8.53,8.53,6.00,-5.69,-4.00,3901,MKD Dragon Ball One BUY,2.02,2.02hrs
20/11/2025 06:00:04,buy,0.20,NZDCAD,0.78828,20/11/2025 12:08:31,0.78889,0.00,0.00,6.10,8.68,9.96,7.00,-7.97,-5.60,3901,MKD Dragon Ball One BUY,6.14,6.14hrs
20/11/2025 03:00:02,buy,0.20,AUDCAD,0.91086,20/11/2025 06:41:20,0.91130,0.00,0.00,4.40,6.26,9.96,7.00,-11.67,-8.20,3901,MKD Dragon Ball One BUY,3.69,3.69hrs
19/11/2025 23:30:03,buy,0.20,AUDCAD,0.90997,20/11/2025 01:39:44,0.91103,0.00,0.70,10.60,15.80,15.80,10.60,-10.55,-7.90,3901,MKD Dragon Ball One BUY,2.16,2.16hrs
18/11/2025 13:00:03,buy,0.20,AUDCHF,0.51838,18/11/2025 18:08:10,0.51848,0.00,0.00,1.00,2.51,2.51,1.00,-33.15,-13.20,3901,MKD Dragon Ball One BUY,5.14,5.14hrs
17/11/2025 04:00:03,sell,0.20,NZDUSD,0.56627,17/11/2025 16:20:07,0.56614,0.00,0.00,1.30,2.60,7.80,3.90,-52.40,-26.20,3901,MKD Dragon Ball One SELL,12.33,12.33hrs
11/11/2025 21:00:03,buy,0.20,GBPCHF,1.05416,17/11/2025 14:50:00,1.04845,0.00,8.35,-57.10,-135.23,0.00,0.00,-437.70,-175.70,3901,MKD Dragon Ball One BUY,137.83,5.74days
14/11/2025 18:00:03,buy,0.50,GBPCHF,1.04251,17/11/2025 14:49:59,1.04845,0.00,3.49,59.40,376.93,402.21,63.40,-23.33,-3.70,3901,MKD Dragon Ball One BUY,68.83,2.87days
12/11/2025 03:00:03,buy,0.30,GBPCHF,1.05264,17/11/2025 14:49:59,1.04846,0.00,10.44,-41.80,-147.23,0.00,0.00,-600.93,-160.50,3901,MKD Dragon Ball One BUY,131.83,5.49days
14/11/2025 18:30:03,sell,0.20,EURCAD,1.62867,17/11/2025 05:14:12,1.62815,0.00,-0.36,5.20,7.05,9.33,6.80,-37.13,-25.80,3901,MKD Dragon Ball One SELL,58.74,2.45days
14/11/2025 14:30:03,sell,0.20,NZDUSD,0.56749,17/11/2025 03:03:10,0.56642,0.00,0.30,10.70,21.70,21.70,10.70,-32.40,-16.20,3901,MKD Dragon Ball One SELL,60.55,2.52days
14/11/2025 04:00:03,buy,0.20,AUDCHF,0.51885,14/11/2025 18:02:43,0.51928,0.00,0.00,4.30,10.84,12.86,5.10,-125.00,-49.30,3901,MKD Dragon Ball One BUY,14.04,14.04hrs
14/11/2025 17:00:09,sell,0.20,EURCAD,1.62997,14/11/2025 17:01:12,1.62953,0.00,0.00,4.40,6.27,6.27,4.40,0.00,0.00,3901,MKD Dragon Ball One SELL,0.02,0.02hrs
14/11/2025 04:00:08,sell,0.20,EURCAD,1.63116,14/11/2025 12:05:07,1.63063,0.00,0.00,5.30,7.55,7.70,5.40,-35.34,-24.80,3901,MKD Dragon Ball One SELL,8.08,8.08hrs
14/11/2025 01:30:04,sell,0.20,GBPUSD,1.31434,14/11/2025 09:25:43,1.31299,0.00,0.00,13.50,27.00,27.00,13.50,-36.60,-18.30,3901,MKD Dragon Ball One SELL,7.93,7.93hrs
13/11/2025 21:30:03,sell,0.20,NZDUSD,0.56568,14/11/2025 02:13:13,0.56487,0.00,0.30,8.10,16.50,18.50,9.10,-6.70,-3.50,3901,MKD Dragon Ball One SELL,4.72,4.72hrs
12/11/2025 07:00:03,sell,0.20,NZDUSD,0.56470,13/11/2025 08:34:12,0.56390,0.00,0.91,8.00,16.91,16.91,8.00,-51.29,-26.10,3901,MKD Dragon Ball One SELL,25.57,1.07days
13/11/2025 03:00:03,buy,0.20,AUDCHF,0.52320,13/11/2025 03:45:01,0.52370,0.00,0.00,5.00,12.52,14.53,5.80,-3.01,-1.20,3901,MKD Dragon Ball One BUY,0.75,0.75hrs
11/11/2025 04:30:06,buy,0.20,NZDCAD,0.79170,11/11/2025 14:30:58,0.79272,0.00,0.00,10.20,14.54,16.69,11.70,-16.68,-11.70,3901,MKD Dragon Ball One BUY,10.01,10.01hrs
10/11/2025 02:30:07,sell,0.20,GBPUSD,1.31439,11/11/2025 11:10:21,1.31200,0.00,-0.16,23.90,47.64,47.64,23.90,-95.60,-47.80,3901,MKD Dragon Ball One SELL,32.67,1.36days
10/11/2025 13:00:10,buy,0.20,NZDCAD,0.79122,11/11/2025 02:55:00,0.79183,0.00,-0.13,6.10,8.57,9.85,7.00,-25.95,-18.20,3901,MKD Dragon Ball One BUY,13.91,13.91hrs
10/11/2025 08:00:00,buy,0.20,NZDCAD,0.79063,10/11/2025 11:10:13,0.79111,0.00,0.00,4.80,6.85,7.57,5.30,-13.84,-9.70,3901,MKD Dragon Ball One BUY,3.17,3.17hrs
10/11/2025 03:00:09,buy,0.20,NZDCAD,0.78973,10/11/2025 06:35:27,0.79018,0.00,0.00,4.50,6.42,6.99,4.90,-8.26,-5.80,3901,MKD Dragon Ball One BUY,3.59,3.59hrs
10/11/2025 02:30:12,buy,0.20,AUDCHF,0.52500,10/11/2025 03:41:52,0.52556,0.00,0.00,5.60,13.89,17.61,7.10,-11.41,-4.60,3901,MKD Dragon Ball One BUY,1.19,1.19hrs
07/11/2025 08:30:04,buy,0.20,AUDCHF,0.52380,10/11/2025 02:00:48,0.52455,0.00,0.83,7.50,19.42,24.12,9.40,-91.34,-36.70,3901,MKD Dragon Ball One BUY,65.51,2.73days
05/11/2025 19:00:00,buy,0.20,CADJPY,109.24500,07/11/2025 15:50:00,109.02700,0.00,1.23,-21.80,-27.20,2.74,1.40,-135.69,-104.40,3901,MKD Dragon Ball One BUY,44.83,1.87days
07/11/2025 10:00:04,buy,0.30,CADJPY,108.66700,07/11/2025 15:49:59,109.02800,0.00,0.00,36.10,70.64,70.64,36.10,-45.28,-23.10,3901,MKD Dragon Ball One BUY,5.83,5.83hrs
07/11/2025 15:30:04,buy,0.20,AUDJPY,99.41200,07/11/2025 15:48:20,99.46800,0.00,0.00,5.60,7.30,7.30,5.60,-1.83,-1.40,3901,MKD Dragon Ball One BUY,0.30,0.30hrs
07/11/2025 11:30:03,sell,0.20,EURCAD,1.62831,07/11/2025 15:30:18,1.62686,0.00,0.00,14.50,20.62,20.62,14.50,-43.08,-30.40,3901,MKD Dragon Ball One SELL,4.00,4.00hrs
07/11/2025 07:00:03,sell,0.20,GBPUSD,1.31163,07/11/2025 10:33:12,1.31074,0.00,0.00,8.90,17.80,17.80,8.90,-19.20,-9.60,3901,MKD Dragon Ball One SELL,3.55,3.55hrs
07/11/2025 05:00:05,buy,0.20,AUDCHF,0.52273,07/11/2025 07:44:35,0.52334,0.00,0.00,6.10,15.11,18.33,7.40,-14.12,-5.70,3901,MKD Dragon Ball One BUY,2.74,2.74hrs
05/11/2025 16:00:04,sell,0.20,EURCAD,1.62154,05/11/2025 18:07:48,1.62104,0.00,0.00,5.00,7.08,9.77,6.90,-31.26,-22.10,3901,MKD Dragon Ball One SELL,2.13,2.13hrs
05/11/2025 17:00:08,buy,0.20,CADJPY,109.13900,05/11/2025 17:43:08,109.19500,0.00,0.00,5.60,7.26,7.26,5.60,0.00,0.00,3901,MKD Dragon Ball One BUY,0.72,0.72hrs
05/11/2025 08:30:00,buy,0.20,EURJPY,176.56800,05/11/2025 15:00:02,176.61300,0.00,0.00,4.50,5.85,6.90,5.30,-32.85,-25.20,3901,MKD Dragon Ball One BUY,6.50,6.50hrs
05/11/2025 14:00:01,buy,0.20,CADJPY,108.68300,05/11/2025 14:43:42,108.75300,0.00,0.00,7.00,9.11,10.28,7.90,-5.34,-4.10,3901,MKD Dragon Ball One BUY,0.73,0.73hrs
05/11/2025 12:00:00,buy,0.20,CADJPY,108.81000,05/11/2025 12:03:36,108.85500,0.00,0.00,4.50,5.85,5.85,4.50,-1.30,-1.00,3901,MKD Dragon Ball One BUY,0.06,0.06hrs
05/11/2025 09:30:00,buy,0.20,CADJPY,108.77700,05/11/2025 10:08:31,108.84500,0.00,0.00,6.80,8.86,8.86,6.80,-10.04,-7.70,3901,MKD Dragon Ball One BUY,0.64,0.64hrs
05/11/2025 06:00:05,buy,0.20,CADJPY,108.79100,05/11/2025 08:21:41,108.87800,0.00,0.00,8.70,11.33,11.33,8.70,-12.65,-9.70,3901,MKD Dragon Ball One BUY,2.36,2.36hrs
05/11/2025 06:30:09,buy,0.20,EURJPY,176.33300,05/11/2025 07:15:39,176.40900,0.00,0.00,7.60,9.90,12.64,9.70,-3.78,-2.90,3901,MKD Dragon Ball One BUY,0.76,0.76hrs
04/11/2025 22:30:03,buy,0.20,EURJPY,176.42400,05/11/2025 02:07:12,176.50500,0.00,0.26,8.10,10.80,10.80,8.10,-14.84,-11.50,3901,MKD Dragon Ball One BUY,3.62,3.62hrs
24/10/2025 13:00:00,sell,0.20,NZDUSD,0.57403,30/10/2025 16:17:51,0.57318,0.00,1.95,8.50,18.95,26.15,12.10,-122.22,-61.60,3901,MKD Dragon Ball One SELL,147.30,6.14days
27/10/2025 10:30:07,sell,0.30,NZDUSD,0.57553,30/10/2025 16:17:49,0.57318,0.00,2.41,23.50,72.91,83.71,27.10,-138.84,-46.60,3901,MKD Dragon Ball One SELL,77.80,3.24days
29/10/2025 13:30:02,buy,0.20,EURJPY,177.32400,29/10/2025 19:38:40,177.37200,0.00,0.00,4.80,6.31,6.31,4.80,-72.30,-54.90,3901,MKD Dragon Ball One BUY,6.14,6.14hrs
29/10/2025 13:00:03,buy,0.20,EURJPY,177.23100,29/10/2025 13:15:50,177.31900,0.00,0.00,8.80,11.56,12.87,9.80,-6.96,-5.30,3901,MKD Dragon Ball One BUY,0.26,0.26hrs
28/10/2025 19:00:01,sell,0.20,EURCAD,1.62483,28/10/2025 23:07:25,1.62404,0.00,0.00,7.90,11.34,16.22,11.30,-30.12,-21.00,3901,MKD Dragon Ball One SELL,4.12,4.12hrs
28/10/2025 18:31:07,buy,0.20,CADJPY,109.01100,28/10/2025 18:54:55,109.07800,0.00,0.00,6.70,8.81,8.81,6.70,-13.70,-10.40,3901,MKD Dragon Ball One BUY,0.40,0.40hrs
28/10/2025 16:44:39,sell,0.20,EURCAD,1.62767,28/10/2025 18:32:27,1.62589,0.00,0.00,17.80,25.53,28.11,19.60,-9.15,-6.40,3901,MKD Dragon Ball One SELL,1.80,1.80hrs
24/10/2025 08:00:06,sell,0.20,NZDUSD,0.57473,24/10/2025 12:11:32,0.57427,0.00,0.00,4.60,9.20,9.20,4.60,-20.00,-10.00,3901,MKD Dragon Ball One SELL,4.19,4.19hrs
22/10/2025 14:00:03,sell,0.20,NZDUSD,0.57391,22/10/2025 21:20:18,0.57379,0.00,0.00,1.20,2.40,5.40,2.70,-25.80,-12.90,3901,MKD Dragon Ball One SELL,7.34,7.34hrs
21/10/2025 05:00:04,sell,0.20,NZDUSD,0.57397,21/10/2025 06:36:04,0.57343,0.00,0.00,5.40,10.80,12.80,6.40,-6.80,-3.40,3901,MKD Dragon Ball One SELL,1.60,1.60hrs
17/10/2025 20:06:16,buy,0.20,CADJPY,107.16800,17/10/2025 21:04:25,107.26200,0.00,0.00,9.40,12.50,14.09,10.60,-2.53,-1.90,3901,MKD Dragon Ball One BUY,0.97,0.97hrs
17/10/2025 19:05:55,sell,0.20,EURCAD,1.63916,17/10/2025 20:46:33,1.63782,0.00,0.00,13.40,19.10,21.10,14.80,-2.28,-1.60,3901,MKD Dragon Ball One SELL,1.68,1.68hrs
17/10/2025 18:32:11,buy,0.20,CADJPY,106.99200,17/10/2025 19:10:42,107.13500,0.00,0.00,14.30,19.01,22.99,17.30,-9.19,-6.90,3901,MKD Dragon Ball One BUY,0.64,0.64hrs
17/10/2025 18:00:07,sell,0.20,EURCAD,1.63936,17/10/2025 18:05:26,1.63860,0.00,0.00,7.60,10.82,10.82,7.60,0.00,0.00,3901,MKD Dragon Ball One SELL,0.09,0.09hrs
17/10/2025 12:30:08,buy,0.30,CADJPY,106.69000,17/10/2025 17:50:10,107.16100,0.00,0.00,47.10,93.87,105.81,53.10,-23.86,-11.90,3901,MKD Dragon Ball One BUY,5.33,5.33hrs
16/10/2025 11:00:01,buy,0.20,CADJPY,107.78700,17/10/2025 17:50:10,107.16100,0.00,0.34,-62.60,-82.83,2.78,2.10,-196.42,-147.10,3901,MKD Dragon Ball One BUY,30.84,1.28days
16/10/2025 10:00:03,sell,0.20,EURCAD,1.63484,17/10/2025 17:17:11,1.63740,0.00,-0.19,-25.60,-36.65,4.70,3.30,-168.61,-118.30,3901,MKD Dragon Ball One SELL,31.29,1.30days
17/10/2025 13:33:01,sell,0.30,EURCAD,1.64146,17/10/2025 17:17:10,1.63742,0.00,0.00,40.40,86.30,94.43,44.20,-21.37,-10.00,3901,MKD Dragon Ball One SELL,3.74,3.74hrs
17/10/2025 06:00:05,buy,0.20,EURJPY,175.79000,17/10/2025 15:20:20,175.68800,0.00,0.00,-10.20,-13.56,0.00,0.00,-117.17,-87.60,3901,MKD Dragon Ball One BUY,9.34,9.34hrs
17/10/2025 12:30:11,buy,0.30,EURJPY,175.33400,17/10/2025 15:20:19,175.69300,0.00,0.00,35.90,71.59,72.19,36.20,-58.33,-29.10,3901,MKD Dragon Ball One BUY,2.84,2.84hrs
15/10/2025 17:02:54,buy,0.20,CADJPY,107.86300,16/10/2025 09:47:06,107.77400,0.00,1.03,-8.90,-10.74,0.66,0.50,-84.27,-64.20,3901,MKD Dragon Ball One BUY,16.74,16.74hrs
16/10/2025 07:10:25,buy,0.30,CADJPY,107.55400,16/10/2025 09:47:05,107.77000,0.00,0.00,21.60,42.86,51.37,25.90,-2.39,-1.20,3901,MKD Dragon Ball One BUY,2.61,2.61hrs
15/10/2025 16:00:07,buy,0.20,GBPJPY,202.38500,15/10/2025 18:25:06,202.50900,0.00,0.00,12.40,16.41,17.73,13.40,-40.17,-30.40,3901,MKD Dragon Ball One BUY,2.42,2.42hrs
15/10/2025 13:30:04,sell,0.20,EURCAD,1.63202,15/10/2025 18:14:58,1.63177,0.00,0.00,2.50,3.57,8.26,5.80,-18.65,-13.10,3901,MKD Dragon Ball One SELL,4.75,4.75hrs
15/10/2025 16:00:04,buy,0.20,EURJPY,176.17600,15/10/2025 16:33:06,176.28200,0.00,0.00,10.60,13.98,13.98,10.60,-9.50,-7.20,3901,MKD Dragon Ball One BUY,0.55,0.55hrs
14/10/2025 17:38:03,buy,0.20,EURJPY,176.18000,15/10/2025 15:17:26,176.22800,0.00,0.24,4.80,6.57,6.85,5.20,-97.17,-73.50,3901,MKD Dragon Ball One BUY,21.66,21.66hrs
15/10/2025 15:00:03,buy,0.20,CADJPY,107.87900,15/10/2025 15:12:45,107.94100,0.00,0.00,6.20,8.18,8.18,6.20,-1.32,-1.00,3901,MKD Dragon Ball One BUY,0.21,0.21hrs
15/10/2025 14:00:04,buy,0.20,GBPJPY,202.28400,15/10/2025 15:12:25,202.39900,0.00,0.00,11.50,15.17,15.17,11.50,-14.40,-10.90,3901,MKD Dragon Ball One BUY,1.21,1.21hrs
15/10/2025 07:30:03,buy,0.20,AUDCHF,0.52139,15/10/2025 14:01:44,0.52200,0.00,0.00,6.10,15.24,19.23,7.70,-12.76,-5.10,3901,MKD Dragon Ball One BUY,6.53,6.53hrs
14/10/2025 19:31:45,buy,0.20,AUDJPY,98.54100,15/10/2025 11:18:35,98.66300,0.00,0.36,12.20,16.48,16.48,12.20,-40.10,-30.40,3901,MKD Dragon Ball One BUY,15.78,15.78hrs
14/10/2025 20:30:04,buy,0.20,NZDCAD,0.80291,15/10/2025 09:53:52,0.80352,0.00,-0.24,6.10,8.46,10.02,7.20,-19.32,-13.40,3901,MKD Dragon Ball One BUY,13.40,13.40hrs
14/10/2025 19:01:12,buy,0.20,AUDCAD,0.91159,15/10/2025 04:01:58,0.91209,0.00,0.13,5.00,7.25,7.25,5.00,-26.49,-18.60,3901,MKD Dragon Ball One BUY,9.01,9.01hrs
14/10/2025 23:30:01,buy,0.20,GBPJPY,202.11600,14/10/2025 23:36:36,202.17200,0.00,0.00,5.60,7.37,9.35,7.10,-1.32,-1.00,3901,MKD Dragon Ball One BUY,0.11,0.11hrs
14/10/2025 19:30:35,buy,0.20,GBPJPY,202.20500,14/10/2025 21:34:57,202.27100,0.00,0.00,6.60,8.70,9.35,7.10,-20.83,-15.80,3901,MKD Dragon Ball One BUY,2.07,2.07hrs
14/10/2025 17:31:58,buy,0.20,NZDUSD,0.57063,14/10/2025 19:05:36,0.57162,0.00,0.00,9.90,19.80,22.20,11.10,-3.00,-1.50,3901,MKD Dragon Ball One BUY,1.56,1.56hrs
14/10/2025 18:30:04,buy,0.20,NZDCAD,0.80245,14/10/2025 18:57:50,0.80286,0.00,0.00,4.10,5.84,7.97,5.60,-3.70,-2.60,3901,MKD Dragon Ball One BUY,0.46,0.46hrs
13/10/2025 08:00:03,buy,0.20,NZDCAD,0.80307,13/10/2025 18:35:18,0.80381,0.00,0.00,7.40,10.56,11.98,8.40,-26.84,-18.80,3901,MKD Dragon Ball One BUY,10.59,10.59hrs
13/10/2025 05:00:14,buy,0.20,AUDJPY,99.18100,13/10/2025 10:28:36,99.24600,0.00,0.00,6.50,8.54,8.54,6.50,-32.68,-24.80,3901,MKD Dragon Ball One BUY,5.47,5.47hrs
13/10/2025 05:30:10,buy,0.20,EURJPY,176.56100,13/10/2025 10:12:04,176.61900,0.00,0.00,5.80,7.62,7.62,5.80,-29.37,-22.30,3901,MKD Dragon Ball One BUY,4.70,4.70hrs
13/10/2025 04:00:10,buy,0.20,AUDCAD,0.91159,13/10/2025 04:21:10,0.91202,0.00,0.00,4.30,6.15,6.15,4.30,-0.29,-0.20,3901,MKD Dragon Ball One BUY,0.35,0.35hrs
13/10/2025 04:00:07,buy,0.20,AUDJPY,98.92300,13/10/2025 04:03:34,99.02500,0.00,0.00,10.20,13.42,13.42,10.20,0.00,0.00,3901,MKD Dragon Ball One BUY,0.06,0.06hrs
13/10/2025 02:30:03,buy,0.20,AUDCAD,0.90977,13/10/2025 03:15:53,0.91031,0.00,0.00,5.40,7.71,7.71,5.40,-6.72,-4.70,3901,MKD Dragon Ball One BUY,0.76,0.76hrs
10/10/2025 05:00:04,buy,0.20,NZDUSD,0.57521,10/10/2025 11:51:28,0.57550,0.00,0.00,2.90,5.80,10.80,5.40,-23.80,-11.90,3901,MKD Dragon Ball One BUY,6.86,6.86hrs
08/10/2025 22:00:56,buy,0.20,AUDCAD,0.91906,09/10/2025 04:01:59,0.91954,0.00,0.36,4.80,7.24,8.96,6.00,-19.00,-13.50,3901,MKD Dragon Ball One BUY,6.02,6.02hrs
08/10/2025 18:00:02,buy,0.20,NZDCAD,0.80676,09/10/2025 03:33:30,0.80770,0.00,-0.62,9.40,12.86,12.86,9.40,-15.48,-10.80,3901,MKD Dragon Ball One BUY,9.56,9.56hrs
08/10/2025 17:30:04,buy,0.20,NZDUSD,0.57801,09/10/2025 00:02:29,0.57811,0.00,-1.99,1.00,0.01,12.60,6.30,-15.80,-7.90,3901,MKD Dragon Ball One BUY,6.54,6.54hrs
08/10/2025 12:00:03,buy,0.20,NZDUSD,0.57586,08/10/2025 12:17:44,0.57649,0.00,0.00,6.30,12.60,12.60,6.30,-3.20,-1.60,3901,MKD Dragon Ball One BUY,0.29,0.29hrs
07/10/2025 08:00:01,sell,0.20,NZDUSD,0.58252,07/10/2025 09:10:23,0.58176,0.00,0.00,7.60,15.20,15.20,7.60,-4.80,-2.40,3901,MKD Dragon Ball One SELL,1.17,1.17hrs
07/10/2025 06:00:03,sell,0.20,NZDUSD,0.58333,07/10/2025 07:58:15,0.58281,0.00,0.00,5.20,10.40,13.40,6.70,-7.80,-3.90,3901,MKD Dragon Ball One SELL,1.97,1.97hrs
29/09/2025 19:00:04,sell,0.20,EURCAD,1.63100,06/10/2025 10:03:54,1.63138,0.00,-0.66,-3.80,-6.11,6.74,4.70,-132.83,-92.30,3901,MKD Dragon Ball One SELL,159.06,6.63days
01/10/2025 13:30:03,sell,0.30,EURCAD,1.63279,06/10/2025 10:03:53,1.63140,0.00,-0.95,13.90,28.94,34.54,16.50,-160.72,-74.40,3901,MKD Dragon Ball One SELL,116.56,4.86days
02/10/2025 21:00:03,sell,0.50,EURCAD,1.63594,06/10/2025 10:03:52,1.63140,0.00,-0.64,45.40,162.11,171.42,48.00,-154.05,-42.90,3901,MKD Dragon Ball One SELL,85.06,3.54days
30/09/2025 04:00:03,buy,0.20,CADJPY,106.89000,06/10/2025 03:46:37,107.28000,0.00,2.03,39.00,54.11,54.90,39.60,-229.02,-168.90,3901,MKD Dragon Ball One BUY,143.78,5.99days
30/09/2025 22:00:00,buy,0.30,CADJPY,106.26300,06/10/2025 03:46:36,107.28100,0.00,3.03,101.80,206.93,207.91,102.30,-215.22,-106.20,3901,MKD Dragon Ball One BUY,125.78,5.24days
01/10/2025 20:02:29,buy,0.50,CADJPY,105.53200,06/10/2025 03:46:35,107.27900,0.00,3.96,174.70,587.14,589.44,175.40,-110.50,-33.10,3901,MKD Dragon Ball One BUY,103.73,4.32days
29/09/2025 23:00:03,buy,0.20,GBPJPY,199.71300,03/10/2025 22:23:17,198.80800,0.00,5.08,-90.50,-117.65,5.82,3.70,-295.68,-220.70,3901,MKD Dragon Ball One BUY,95.39,3.97days
30/09/2025 18:31:03,buy,0.30,GBPJPY,198.94900,03/10/2025 22:23:16,198.80800,0.00,6.36,-14.10,-22.32,46.42,22.30,-289.04,-144.30,3901,MKD Dragon Ball One BUY,75.87,3.16days
01/10/2025 23:30:08,buy,0.50,GBPJPY,198.27700,03/10/2025 22:23:15,198.80900,0.00,8.49,53.20,188.86,200.38,56.60,-255.56,-77.10,3901,MKD Dragon Ball One BUY,46.89,1.95days
01/10/2025 04:30:02,buy,0.20,EURJPY,173.77100,03/10/2025 06:17:11,173.15300,0.00,0.87,-61.80,-82.81,0.00,0.00,-201.62,-148.30,3901,MKD Dragon Ball One BUY,49.79,2.07days
01/10/2025 20:01:35,buy,0.30,EURJPY,172.55800,03/10/2025 06:17:10,173.15400,0.00,1.31,59.60,122.36,130.87,63.80,-54.26,-27.00,3901,MKD Dragon Ball One BUY,34.26,1.43days
01/10/2025 03:00:20,buy,0.20,EURJPY,173.69700,01/10/2025 03:06:11,173.75900,0.00,0.00,6.20,8.38,8.38,6.20,0.00,0.00,3901,MKD Dragon Ball One BUY,0.10,0.10hrs
30/09/2025 19:30:03,buy,0.20,EURJPY,173.64400,30/09/2025 20:45:10,173.69000,0.00,0.00,4.60,6.23,7.17,5.30,-6.50,-4.80,3901,MKD Dragon Ball One BUY,1.25,1.25hrs
26/09/2025 21:00:04,buy,0.20,AUDCHF,0.52261,29/09/2025 09:00:38,0.52304,0.00,0.87,4.30,11.67,15.69,5.90,-24.74,-10.20,3901,MKD Dragon Ball One BUY,60.01,2.50days
26/09/2025 20:30:05,buy,0.20,NZDCAD,0.80470,29/09/2025 07:25:22,0.80559,0.00,-0.13,8.90,12.66,13.37,9.40,-8.89,-6.10,3901,MKD Dragon Ball One BUY,58.92,2.46days
26/09/2025 06:00:03,buy,0.20,GBPCHF,1.06752,26/09/2025 10:59:39,1.06803,0.00,0.00,5.10,12.75,15.25,6.10,-11.02,-4.40,3901,MKD Dragon Ball One BUY,4.99,4.99hrs
26/09/2025 02:30:03,buy,0.20,NZDCAD,0.80362,26/09/2025 09:22:25,0.80421,0.00,0.00,5.90,8.46,9.90,6.90,-15.64,-10.90,3901,MKD Dragon Ball One BUY,6.87,6.87hrs
24/09/2025 20:30:00,sell,0.20,EURCAD,1.63146,25/09/2025 10:50:48,1.63097,0.00,-0.35,4.90,6.70,8.43,6.10,-17.76,-12.10,3901,MKD Dragon Ball One SELL,14.35,14.35hrs
24/09/2025 18:00:23,sell,0.20,EURCAD,1.63090,24/09/2025 18:28:56,1.63031,0.00,0.00,5.90,8.50,8.50,5.90,0.00,0.00,3901,MKD Dragon Ball One SELL,0.48,0.48hrs
24/09/2025 11:30:07,buy,0.20,CADJPY,106.89200,24/09/2025 11:50:42,106.95700,0.00,0.00,6.50,8.77,9.85,7.30,-1.76,-1.30,3901,MKD Dragon Ball One BUY,0.34,0.34hrs
24/09/2025 10:30:11,buy,0.20,GBPCHF,1.06969,24/09/2025 11:39:12,1.07019,0.00,0.00,5.00,12.60,17.13,6.80,-20.69,-8.20,3901,MKD Dragon Ball One BUY,1.15,1.15hrs
24/09/2025 06:00:01,buy,0.20,AUDJPY,97.86400,24/09/2025 07:23:27,97.92000,0.00,0.00,5.60,7.57,7.57,5.60,-10.01,-7.40,3901,MKD Dragon Ball One BUY,1.39,1.39hrs
23/09/2025 11:30:03,buy,0.30,AUDCHF,0.52277,24/09/2025 06:45:59,0.52420,0.00,1.31,14.30,55.45,68.73,17.80,-57.90,-15.60,3901,MKD Dragon Ball One BUY,19.27,19.27hrs
19/09/2025 12:30:08,buy,0.20,AUDCHF,0.52526,24/09/2025 06:45:59,0.52420,0.00,2.60,-10.60,-24.16,9.39,3.40,-99.87,-40.50,3901,MKD Dragon Ball One BUY,114.26,4.76days
24/09/2025 05:00:06,buy,0.20,AUDJPY,97.70100,24/09/2025 05:22:30,97.78500,0.00,0.00,8.40,11.37,11.37,8.40,0.00,0.00,3901,MKD Dragon Ball One BUY,0.37,0.37hrs
18/09/2025 14:00:08,buy,0.20,AUDCAD,0.91657,24/09/2025 04:46:42,0.91459,0.00,0.62,-19.80,-27.98,1.74,1.20,-129.80,-89.70,3901,MKD Dragon Ball One BUY,134.78,5.62days
19/09/2025 11:30:27,buy,0.30,AUDCAD,0.91184,24/09/2025 04:46:41,0.91459,0.00,0.71,27.50,60.31,67.90,31.00,-92.01,-42.40,3901,MKD Dragon Ball One BUY,113.27,4.72days
23/09/2025 13:30:04,buy,0.20,AUDJPY,97.59200,23/09/2025 16:02:59,97.69300,0.00,0.00,10.10,13.68,13.68,10.10,-4.06,-3.00,3901,MKD Dragon Ball One BUY,2.55,2.55hrs
23/09/2025 14:30:04,sell,0.20,EURCAD,1.63051,23/09/2025 15:21:44,1.62965,0.00,0.00,8.60,12.45,12.45,8.60,-11.28,-7.80,3901,MKD Dragon Ball One SELL,0.86,0.86hrs
19/09/2025 12:01:16,buy,0.20,NZDCAD,0.81156,22/09/2025 23:50:44,0.81105,0.00,-0.15,-5.10,-7.53,4.34,3.00,-78.08,-53.70,3901,MKD Dragon Ball One BUY,83.82,3.49days
22/09/2025 06:30:04,buy,0.30,NZDCAD,0.80835,22/09/2025 23:50:43,0.81105,0.00,0.00,27.00,58.59,68.98,31.80,-35.42,-16.30,3901,MKD Dragon Ball One BUY,17.34,17.34hrs
22/09/2025 07:30:01,buy,0.20,GBPJPY,199.60100,22/09/2025 08:45:05,199.69400,0.00,0.00,9.30,12.55,12.68,9.40,-4.32,-3.20,3901,MKD Dragon Ball One BUY,1.25,1.25hrs
22/09/2025 06:00:00,buy,0.20,GBPJPY,199.67600,22/09/2025 06:36:37,199.73200,0.00,0.00,5.60,7.55,7.55,5.60,-0.81,-0.60,3901,MKD Dragon Ball One BUY,0.61,0.61hrs
22/09/2025 05:00:00,buy,0.20,GBPJPY,199.57300,22/09/2025 05:13:05,199.63600,0.00,0.00,6.30,8.50,8.50,6.30,-1.48,-1.10,3901,MKD Dragon Ball One BUY,0.22,0.22hrs
22/09/2025 02:00:03,buy,0.20,GBPCHF,1.07235,22/09/2025 04:38:00,1.07283,0.00,0.00,4.80,12.05,14.32,5.70,-7.29,-2.90,3901,MKD Dragon Ball One BUY,2.63,2.63hrs
22/09/2025 03:30:03,buy,0.20,GBPJPY,199.54000,22/09/2025 04:02:33,199.58900,0.00,0.00,4.90,6.61,6.61,4.90,-8.77,-6.50,3901,MKD Dragon Ball One BUY,0.54,0.54hrs
19/09/2025 10:00:03,buy,0.20,AUDCHF,0.52396,19/09/2025 10:34:16,0.52451,0.00,0.00,5.50,13.86,17.89,7.10,-4.03,-1.60,3901,MKD Dragon Ball One BUY,0.57,0.57hrs
09/09/2025 18:06:48,sell,0.30,AUDUSD,0.65853,19/09/2025 05:23:07,0.66061,0.00,3.10,-20.80,-59.30,7.76,2.50,-333.63,-111.90,3901,MKD Dragon Ball One SELL,227.27,9.47days
05/09/2025 21:30:03,sell,0.20,AUDUSD,0.65516,19/09/2025 05:23:07,0.66060,0.00,2.30,-54.40,-106.50,8.73,4.30,-289.58,-145.60,3901,MKD Dragon Ball One SELL,319.88,13.33days
12/09/2025 07:30:04,sell,0.50,AUDUSD,0.66609,19/09/2025 05:23:05,0.66061,0.00,3.00,54.80,277.00,302.00,59.80,-180.21,-36.30,3901,MKD Dragon Ball One SELL,165.88,6.91days
18/09/2025 12:30:07,buy,0.20,AUDCAD,0.91549,18/09/2025 13:00:32,0.91617,0.00,0.00,6.80,9.87,12.92,8.90,0.00,0.00,3901,MKD Dragon Ball One BUY,0.51,0.51hrs
18/09/2025 05:30:03,buy,0.20,AUDJPY,97.76500,18/09/2025 11:30:57,97.81800,0.00,0.00,5.30,7.20,7.20,5.30,-31.38,-23.10,3901,MKD Dragon Ball One BUY,6.01,6.01hrs
08/09/2025 02:00:16,sell,0.20,NZDUSD,0.58823,18/09/2025 03:23:26,0.59275,0.00,4.05,-45.20,-86.35,0.00,0.00,-228.45,-115.80,3901,MKD Dragon Ball One SELL,241.39,10.06days
08/09/2025 21:00:06,sell,0.30,NZDUSD,0.59301,18/09/2025 03:23:25,0.59273,0.00,6.09,2.80,14.49,26.49,6.80,-199.26,-68.00,3901,MKD Dragon Ball One SELL,222.39,9.27days
12/09/2025 05:30:03,sell,0.50,NZDUSD,0.59690,18/09/2025 03:23:24,0.59273,0.00,4.69,41.70,213.19,233.19,45.70,-143.06,-29.10,3901,MKD Dragon Ball One SELL,141.89,5.91days
12/09/2025 05:00:03,sell,0.20,GBPUSD,1.35568,12/09/2025 09:26:35,1.35494,0.00,0.00,7.40,14.80,14.80,7.40,-11.60,-5.80,3901,MKD Dragon Ball One SELL,4.44,4.44hrs
09/09/2025 21:00:03,buy,0.20,CADJPY,106.46100,12/09/2025 05:38:47,106.51400,0.00,1.90,5.30,9.09,22.61,15.60,-33.04,-25.40,3901,MKD Dragon Ball One BUY,56.65,2.36days
09/09/2025 22:30:15,buy,0.20,EURJPY,172.57800,11/09/2025 15:18:29,172.64300,0.00,0.89,6.50,9.68,50.64,36.80,-41.32,-31.10,3901,MKD Dragon Ball One BUY,40.80,1.70days
08/09/2025 16:00:03,sell,0.20,EURCAD,1.61884,10/09/2025 02:49:30,1.62049,0.00,-0.02,-16.50,-23.85,0.00,0.00,-102.47,-70.70,3901,MKD Dragon Ball One SELL,34.82,1.45days
09/09/2025 14:00:13,sell,0.30,EURCAD,1.62296,10/09/2025 02:49:29,1.62049,0.00,0.04,24.70,53.54,63.72,29.40,-14.56,-6.70,3901,MKD Dragon Ball One SELL,12.82,12.82hrs
08/09/2025 02:30:09,sell,0.20,GBPUSD,1.34895,09/09/2025 22:31:02,1.35243,0.00,0.15,-34.80,-69.45,8.80,4.40,-201.05,-100.60,3901,MKD Dragon Ball One SELL,44.01,1.83days
09/09/2025 15:00:03,sell,0.30,GBPUSD,1.35582,09/09/2025 22:31:00,1.35245,0.00,0.00,33.70,101.10,113.70,37.90,-42.60,-14.20,3901,MKD Dragon Ball One SELL,7.52,7.52hrs
09/09/2025 14:00:16,buy,0.20,GBPCHF,1.07754,09/09/2025 19:42:42,1.07826,0.00,0.00,7.20,18.09,20.35,8.10,-31.78,-12.60,3901,MKD Dragon Ball One BUY,5.71,5.71hrs
09/09/2025 11:30:05,buy,0.20,GBPCHF,1.07680,09/09/2025 13:19:18,1.07731,0.00,0.00,5.10,12.87,14.38,5.70,-20.68,-8.20,3901,MKD Dragon Ball One BUY,1.82,1.82hrs
09/09/2025 10:30:03,buy,0.20,GBPCHF,1.07511,09/09/2025 10:48:33,1.07644,0.00,0.00,13.30,33.51,33.51,13.30,-4.80,-1.90,3901,MKD Dragon Ball One BUY,0.31,0.31hrs
08/09/2025 02:30:03,sell,0.20,EURCAD,1.62015,08/09/2025 13:03:46,1.61965,0.00,0.00,5.00,7.24,7.24,5.00,-29.38,-20.30,3901,MKD Dragon Ball One SELL,10.56,10.56hrs
08/09/2025 02:00:08,buy,0.20,CADJPY,107.24700,08/09/2025 03:22:34,107.30300,0.00,0.00,5.60,7.54,9.02,6.70,-15.24,-11.30,3901,MKD Dragon Ball One BUY,1.37,1.37hrs
08/09/2025 01:30:05,buy,0.20,CADJPY,107.08000,08/09/2025 01:40:49,107.19900,0.00,0.00,11.90,16.04,16.04,11.90,0.00,0.00,3901,MKD Dragon Ball One BUY,0.18,0.18hrs
05/09/2025 22:30:04,sell,0.20,EURCAD,1.62292,05/09/2025 23:09:31,1.62239,0.00,0.00,5.30,7.66,7.66,5.30,-3.03,-2.10,3901,MKD Dragon Ball One SELL,0.66,0.66hrs
05/09/2025 06:00:00,buy,0.20,NZDUSD,0.58622,05/09/2025 09:51:06,0.58668,0.00,0.00,4.60,9.20,13.20,6.60,-7.60,-3.80,3901,MKD Dragon Ball One BUY,3.85,3.85hrs
05/09/2025 03:30:03,buy,0.20,NZDUSD,0.58523,05/09/2025 05:05:25,0.58617,0.00,0.00,9.40,18.80,22.00,11.00,0.00,0.00,3901,MKD Dragon Ball One BUY,1.59,1.59hrs
03/09/2025 16:00:07,sell,0.20,EURGBP,0.86759,04/09/2025 11:18:14,0.86695,0.00,1.23,6.40,18.44,23.82,8.40,-36.56,-13.60,3901,MKD Dragon Ball One SELL,19.30,19.30hrs
04/09/2025 05:00:03,sell,0.20,AUDUSD,0.65371,04/09/2025 08:07:41,0.65262,0.00,0.00,10.90,21.80,25.20,12.60,-5.60,-2.80,3901,MKD Dragon Ball One SELL,3.13,3.13hrs
02/09/2025 23:30:12,sell,0.20,EURGBP,0.86912,03/09/2025 15:46:44,0.86853,0.00,0.41,5.90,16.23,18.92,6.90,-50.01,-18.90,3901,MKD Dragon Ball One SELL,16.28,16.28hrs
03/09/2025 02:00:10,buy,0.20,GBPCHF,1.07776,03/09/2025 12:04:56,1.07842,0.00,0.00,6.60,16.42,16.42,6.60,-61.77,-24.90,3901,MKD Dragon Ball One BUY,10.08,10.08hrs
02/09/2025 11:00:00,sell,0.20,GBPUSD,1.34010,02/09/2025 11:05:14,1.33930,0.00,0.00,8.00,16.00,16.00,8.00,-8.80,-4.40,3901,MKD Dragon Ball One SELL,0.09,0.09hrs
28/08/2025 08:30:15,sell,0.20,AUDUSD,0.65078,02/09/2025 11:02:08,0.65066,0.00,0.36,1.20,2.76,8.76,4.20,-103.96,-52.10,3901,MKD Dragon Ball One SELL,122.53,5.11days
29/08/2025 14:00:04,sell,0.30,AUDUSD,0.65266,02/09/2025 11:02:07,0.65066,0.00,0.34,20.00,60.34,69.34,23.00,-99.73,-33.30,3901,MKD Dragon Ball One SELL,93.03,3.88days
02/09/2025 10:30:00,sell,0.20,GBPUSD,1.34424,02/09/2025 10:34:27,1.34359,0.00,0.00,6.50,13.00,13.00,6.50,-9.60,-4.80,3901,MKD Dragon Ball One SELL,0.07,0.07hrs
29/08/2025 15:00:05,sell,0.20,NZDUSD,0.58847,02/09/2025 10:15:30,0.58797,0.00,0.64,5.00,10.64,10.64,5.00,-59.68,-30.00,3901,MKD Dragon Ball One SELL,91.26,3.80days
02/09/2025 09:30:03,sell,0.20,GBPUSD,1.35216,02/09/2025 10:10:26,1.34988,0.00,0.00,22.80,45.60,45.60,22.80,-22.80,-11.40,3901,MKD Dragon Ball One SELL,0.67,0.67hrs
01/09/2025 17:30:05,sell,0.20,EURGBP,0.86468,01/09/2025 19:22:05,0.86406,0.00,0.00,6.20,16.79,21.67,8.00,-5.96,-2.20,3901,MKD Dragon Ball One SELL,1.87,1.87hrs
29/08/2025 22:00:11,sell,0.20,EURGBP,0.86586,01/09/2025 16:19:40,0.86510,0.00,0.43,7.60,21.01,23.46,8.50,-32.33,-12.10,3901,MKD Dragon Ball One SELL,66.32,2.76days
28/08/2025 17:30:04,buy,0.20,GBPCHF,1.08400,01/09/2025 16:17:18,1.08393,0.00,2.74,-0.70,0.99,6.85,2.20,-142.83,-57.70,3901,MKD Dragon Ball One BUY,94.79,3.95days
29/08/2025 21:00:06,buy,0.30,GBPCHF,1.08001,01/09/2025 16:17:17,1.08393,0.00,2.05,39.20,149.00,157.52,41.50,-3.75,-1.00,3901,MKD Dragon Ball One BUY,67.29,2.80days
29/08/2025 18:30:05,buy,0.20,GBPJPY,198.49200,29/08/2025 22:00:08,198.60400,0.00,0.00,11.20,15.24,15.24,11.20,-20.01,-14.70,3901,MKD Dragon Ball One BUY,3.50,3.50hrs
29/08/2025 16:00:03,buy,0.20,GBPJPY,198.31000,29/08/2025 17:58:10,198.36500,0.00,0.00,5.50,7.49,7.49,5.50,-39.75,-29.20,3901,MKD Dragon Ball One BUY,1.97,1.97hrs
27/08/2025 07:00:00,buy,0.20,EURJPY,171.86600,29/08/2025 17:36:05,171.82100,0.00,0.84,-4.50,-5.29,1.25,0.30,-97.30,-72.00,3901,MKD Dragon Ball One BUY,58.60,2.44days
28/08/2025 17:30:12,buy,0.30,EURJPY,171.66800,29/08/2025 17:36:04,171.82200,0.00,0.31,15.40,31.76,41.35,20.10,-86.73,-42.60,3901,MKD Dragon Ball One BUY,24.10,1.00days
27/08/2025 21:30:06,buy,0.20,NZDCAD,0.80839,28/08/2025 17:37:22,0.80926,0.00,-0.57,8.70,12.08,12.08,8.70,-54.39,-37.10,3901,MKD Dragon Ball One BUY,20.12,20.12hrs
27/08/2025 11:30:00,sell,0.20,AUDUSD,0.64698,27/08/2025 14:46:00,0.64655,0.00,0.00,4.30,8.60,12.40,6.20,-9.40,-4.70,3901,MKD Dragon Ball One SELL,3.27,3.27hrs
27/08/2025 07:30:08,sell,0.20,AUDUSD,0.64876,27/08/2025 10:30:55,0.64792,0.00,0.00,8.40,16.80,16.80,8.40,-6.20,-3.10,3901,MKD Dragon Ball One SELL,3.01,3.01hrs
27/08/2025 06:00:03,buy,0.20,EURJPY,171.81400,27/08/2025 06:14:35,171.88600,0.00,0.00,7.20,9.75,9.75,7.20,0.00,0.00,3901,MKD Dragon Ball One BUY,0.24,0.24hrs
25/08/2025 22:30:04,sell,0.20,CHFJPY,183.21600,26/08/2025 03:04:14,183.10000,0.00,-0.04,11.60,15.69,15.69,11.60,-62.94,-46.50,3901,MKD Dragon Ball One SELL,4.57,4.57hrs
11/08/2025 18:30:13,sell,0.20,EURCAD,1.59965,25/08/2025 22:06:32,1.60921,0.00,0.01,-95.60,-137.97,0.00,0.00,-332.28,-229.80,3901,MKD Dragon Ball One SELL,339.61,14.15days
13/08/2025 22:30:04,sell,0.30,EURCAD,1.61077,25/08/2025 22:06:30,1.60919,0.00,0.02,15.80,34.23,45.48,21.00,-257.22,-118.60,3901,MKD Dragon Ball One SELL,287.61,11.98days
21/08/2025 17:30:04,sell,0.50,EURCAD,1.61463,25/08/2025 22:06:29,1.60917,0.00,0.02,54.60,197.02,215.06,59.60,-289.19,-80.00,3901,MKD Dragon Ball One SELL,100.61,4.19days
22/08/2025 12:00:03,buy,0.20,AUDUSD,0.64309,22/08/2025 17:03:23,0.64708,0.00,0.00,39.90,79.80,79.80,39.90,-29.80,-14.90,3901,MKD Dragon Ball One BUY,5.06,5.06hrs
21/08/2025 12:30:06,buy,0.20,GBPJPY,198.84000,21/08/2025 12:38:09,198.97400,0.00,0.00,13.40,18.15,18.15,13.40,0.00,0.00,3901,MKD Dragon Ball One BUY,0.13,0.13hrs
21/08/2025 10:00:03,buy,0.20,GBPJPY,198.38300,21/08/2025 10:18:55,198.45700,0.00,0.00,7.40,10.02,10.02,7.40,-5.82,-4.30,3901,MKD Dragon Ball One BUY,0.31,0.31hrs
05/08/2025 18:00:03,sell,0.20,EURCHF,0.93357,21/08/2025 06:38:23,0.93761,0.00,-43.37,-40.40,-143.71,0.00,0.00,-224.79,-76.30,3901,MKD Dragon Ball One SELL,372.64,15.53days
07/08/2025 07:30:06,sell,0.30,EURCHF,0.93956,21/08/2025 06:38:22,0.93761,0.00,-50.67,19.50,21.97,69.78,29.30,-100.46,-16.40,3901,MKD Dragon Ball One SELL,335.14,13.96days
13/08/2025 05:31:38,sell,0.20,GBPUSD,1.34993,14/08/2025 17:06:28,1.35398,0.00,0.30,-40.50,-80.70,0.00,0.00,0.00,0.00,3901,MKD Dragon Ball One SELL,35.58,1.48days
14/08/2025 13:00:07,sell,0.30,GBPUSD,1.35773,14/08/2025 17:06:26,1.35401,0.00,0.00,37.20,111.60,0.00,0.00,0.00,0.00,3901,MKD Dragon Ball One SELL,4.11,4.11hrs
13/08/2025 04:30:07,sell,0.20,AUDUSD,0.65164,14/08/2025 15:31:11,0.65102,0.00,0.19,6.20,12.59,0.00,0.00,0.00,0.00,3901,MKD Dragon Ball One SELL,35.02,1.46days
13/08/2025 21:00:04,sell,0.30,AUDUSD,0.65396,14/08/2025 15:31:09,0.65101,0.00,0.28,29.50,88.78,0.00,0.00,0.00,0.00,3901,MKD Dragon Ball One SELL,18.52,18.52hrs
12/08/2025 22:00:04,sell,0.20,GBPJPY,199.35900,14/08/2025 04:01:00,199.17400,0.00,-13.12,18.50,12.12,0.00,0.00,0.00,0.00,3901,MKD Dragon Ball One SELL,30.02,1.25days
07/08/2025 18:30:04,sell,0.20,AUDUSD,0.64991,12/08/2025 09:00:39,0.64997,0.00,0.12,-0.60,-1.08,0.00,0.00,0.00,0.00,3901,MKD Dragon Ball One SELL,110.51,4.60days
11/08/2025 04:00:04,sell,0.30,AUDUSD,0.65150,12/08/2025 09:00:38,0.64998,0.00,0.09,15.20,45.69,0.00,0.00,0.00,0.00,3901,MKD Dragon Ball One SELL,29.01,1.21days
11/08/2025 17:30:07,sell,0.20,EURCAD,1.59977,11/08/2025 17:41:24,1.59927,0.00,0.00,5.00,7.25,0.00,0.00,0.00,0.00,3901,MKD Dragon Ball One SELL,0.19,0.19hrs
11/08/2025 17:00:10,sell,0.20,EURCAD,1.60098,11/08/2025 17:05:17,1.60023,0.00,0.00,7.50,10.88,0.00,0.00,0.00,0.00,3901,MKD Dragon Ball One SELL,0.09,0.09hrs
11/08/2025 16:00:07,sell,0.20,EURCAD,1.60223,11/08/2025 16:08:11,1.60171,0.00,0.00,5.20,7.54,0.00,0.00,0.00,0.00,3901,MKD Dragon Ball One SELL,0.13,0.13hrs
07/08/2025 04:30:05,sell,0.20,NZDUSD,0.59306,11/08/2025 15:00:19,0.59347,0.00,0.50,-4.10,-7.70,0.00,0.00,0.00,0.00,3901,MKD Dragon Ball One SELL,106.50,4.44days
07/08/2025 14:30:21,sell,0.30,NZDUSD,0.59493,11/08/2025 15:00:18,0.59347,0.00,0.74,14.60,44.54,0.00,0.00,0.00,0.00,3901,MKD Dragon Ball One SELL,96.50,4.02days
07/08/2025 18:30:01,sell,0.20,EURCAD,1.60011,08/08/2025 11:42:55,1.59952,0.00,-0.02,5.90,8.57,0.00,0.00,0.00,0.00,3901,MKD Dragon Ball One SELL,17.21,17.21hrs
06/08/2025 18:00:04,sell,0.20,AUDUSD,0.64926,07/08/2025 18:10:10,0.64955,0.00,0.08,-2.90,-5.72,0.00,0.00,0.00,0.00,3901,MKD Dragon Ball One SELL,24.17,1.01days
07/08/2025 13:30:05,sell,0.30,AUDUSD,0.65218,07/08/2025 18:10:09,0.64955,0.00,0.00,26.30,78.90,0.00,0.00,0.00,0.00,3901,MKD Dragon Ball One SELL,4.67,4.67hrs
07/08/2025 18:00:01,sell,0.20,EURCAD,1.59946,07/08/2025 18:04:58,1.59836,0.00,0.00,11.00,15.99,0.00,0.00,0.00,0.00,3901,MKD Dragon Ball One SELL,0.08,0.08hrs
07/08/2025 18:00:07,sell,0.20,GBPUSD,1.34033,07/08/2025 18:04:56,1.33957,0.00,0.00,7.60,15.20,0.00,0.00,0.00,0.00,3901,MKD Dragon Ball One SELL,0.08,0.08hrs
07/08/2025 17:00:07,sell,0.20,EURCAD,1.60052,07/08/2025 17:20:19,1.59967,0.00,0.00,8.50,12.35,0.00,0.00,0.00,0.00,3901,MKD Dragon Ball One SELL,0.34,0.34hrs
07/08/2025 15:30:03,sell,0.20,EURGBP,0.86766,07/08/2025 17:08:46,0.86704,0.00,0.00,6.20,16.64,0.00,0.00,0.00,0.00,3901,MKD Dragon Ball One SELL,1.65,1.65hrs
07/08/2025 15:30:28,sell,0.20,EURCAD,1.60086,07/08/2025 16:03:08,1.60035,0.00,0.00,5.10,7.42,0.00,0.00,0.00,0.00,3901,MKD Dragon Ball One SELL,0.54,0.54hrs
07/08/2025 15:00:11,sell,0.20,EURGBP,0.86809,07/08/2025 15:14:22,0.86685,0.00,0.00,12.40,33.31,0.00,0.00,0.00,0.00,3901,MKD Dragon Ball One SELL,0.24,0.24hrs
07/08/2025 14:30:18,sell,0.20,EURGBP,0.86914,07/08/2025 14:43:46,0.86851,0.00,0.00,6.30,16.89,0.00,0.00,0.00,0.00,3901,MKD Dragon Ball One SELL,0.22,0.22hrs
07/08/2025 14:30:15,sell,0.20,EURCAD,1.60072,07/08/2025 14:35:14,1.59992,0.00,0.00,8.00,11.64,0.00,0.00,0.00,0.00,3901,MKD Dragon Ball One SELL,0.08,0.08hrs
06/08/2025 06:00:09,sell,0.20,EURGBP,0.86976,07/08/2025 14:02:30,0.86979,0.00,1.75,-0.30,0.95,0.00,0.00,0.00,0.00,3901,MKD Dragon Ball One SELL,32.04,1.33days
07/08/2025 12:30:04,sell,0.30,EURGBP,0.87333,07/08/2025 14:02:29,0.86979,0.00,0.00,35.40,142.47,0.00,0.00,0.00,0.00,3901,MKD Dragon Ball One SELL,1.54,1.54hrs
06/08/2025 12:30:11,buy,0.20,CADJPY,107.35600,07/08/2025 04:05:19,107.40700,0.00,1.05,5.10,7.96,0.00,0.00,0.00,0.00,3901,MKD Dragon Ball One BUY,15.59,15.59hrs
06/08/2025 06:00:03,buy,0.20,NZDCAD,0.81522,06/08/2025 07:54:32,0.81568,0.00,0.00,4.60,6.68,0.00,0.00,0.00,0.00,3901,MKD Dragon Ball One BUY,1.91,1.91hrs
05/08/2025 16:30:06,buy,0.20,NZDCAD,0.81388,06/08/2025 05:25:06,0.81495,0.00,-0.09,10.70,15.45,0.00,0.00,0.00,0.00,3901,MKD Dragon Ball One BUY,12.92,12.92hrs
05/08/2025 23:00:10,buy,0.20,CADJPY,107.18500,06/08/2025 05:15:53,107.22600,0.00,0.35,4.10,5.90,0.00,0.00,0.00,0.00,3901,MKD Dragon Ball One BUY,6.26,6.26hrs
05/08/2025 16:30:10,buy,0.20,AUDJPY,95.53700,06/08/2025 04:04:43,95.63100,0.00,0.37,9.40,13.10,0.00,0.00,0.00,0.00,3901,MKD Dragon Ball One BUY,11.58,11.58hrs
05/08/2025 19:30:00,buy,0.20,CHFJPY,182.78400,06/08/2025 02:47:09,182.87500,0.00,-0.76,9.10,11.58,0.00,0.00,0.00,0.00,3901,MKD Dragon Ball One BUY,7.29,7.29hrs
05/08/2025 19:00:02,buy,0.20,CADJPY,107.04600,05/08/2025 20:43:31,107.13300,0.00,0.00,8.70,11.79,0.00,0.00,0.00,0.00,3901,MKD Dragon Ball One BUY,1.72,1.72hrs
05/08/2025 18:30:23,buy,0.20,CHFJPY,182.66900,05/08/2025 18:43:23,182.72100,0.00,0.00,5.20,7.05,0.00,0.00,0.00,0.00,3901,MKD Dragon Ball One BUY,0.22,0.22hrs
05/08/2025 16:30:13,buy,0.20,CHFJPY,182.49100,05/08/2025 17:46:33,182.54200,0.00,0.00,5.10,6.92,0.00,0.00,0.00,0.00,3901,MKD Dragon Ball One BUY,1.27,1.27hrs
04/08/2025 21:30:14,sell,0.20,EURCHF,0.93500,05/08/2025 16:01:08,0.93437,0.00,-2.40,6.30,13.16,0.00,0.00,0.00,0.00,3901,MKD Dragon Ball One SELL,18.52,18.52hrs
05/08/2025 14:30:03,buy,0.20,AUDJPY,95.35100,05/08/2025 15:46:58,95.46500,0.00,0.00,11.40,15.44,0.00,0.00,0.00,0.00,3901,MKD Dragon Ball One BUY,1.28,1.28hrs
05/08/2025 15:30:02,buy,0.20,CADJPY,106.97300,05/08/2025 15:37:01,107.03100,0.00,0.00,5.80,7.86,0.00,0.00,0.00,0.00,3901,MKD Dragon Ball One BUY,0.12,0.12hrs
05/08/2025 14:30:07,buy,0.20,CHFJPY,182.22000,05/08/2025 15:09:33,182.32500,0.00,0.00,10.50,14.23,0.00,0.00,0.00,0.00,3901,MKD Dragon Ball One BUY,0.66,0.66hrs
05/08/2025 11:30:03,sell,0.20,EURGBP,0.86870,05/08/2025 13:30:00,0.86823,0.00,0.00,4.70,12.49,0.00,0.00,0.00,0.00,3901,MKD Dragon Ball One SELL,2.00,2.00hrs
05/08/2025 11:30:06,buy,0.20,CADJPY,106.92700,05/08/2025 13:16:20,106.98400,0.00,0.00,5.70,7.72,0.00,0.00,0.00,0.00,3901,MKD Dragon Ball One BUY,1.77,1.77hrs
05/08/2025 11:00:08,buy,0.20,CHFJPY,182.07200,05/08/2025 12:54:07,182.14700,0.00,0.00,7.50,10.16,0.00,0.00,0.00,0.00,3901,MKD Dragon Ball One BUY,1.90,1.90hrs
04/08/2025 11:31:33,buy,0.20,GBPJPY,196.52900,05/08/2025 12:21:59,196.05000,0.00,0.92,-47.90,-64.03,0.00,0.00,0.00,0.00,3901,MKD Dragon Ball One BUY,24.84,1.04days
05/08/2025 07:00:03,buy,0.30,GBPJPY,195.48500,05/08/2025 12:21:58,196.04000,0.00,0.00,55.50,112.88,0.00,0.00,0.00,0.00,3901,MKD Dragon Ball One BUY,5.37,5.37hrs
05/08/2025 07:00:09,buy,0.20,CADJPY,106.77700,05/08/2025 09:46:37,106.85300,0.00,0.00,7.60,10.32,0.00,0.00,0.00,0.00,3901,MKD Dragon Ball One BUY,2.77,2.77hrs
04/08/2025 19:00:08,sell,0.20,EURGBP,0.87043,05/08/2025 09:01:53,0.86987,0.00,0.58,5.60,15.45,0.00,0.00,0.00,0.00,3901,MKD Dragon Ball One SELL,14.03,14.03hrs
04/08/2025 11:30:27,sell,0.20,EURCAD,1.59317,04/08/2025 17:53:21,1.59260,0.00,0.00,5.70,8.28,0.00,0.00,0.00,0.00,3901,MKD Dragon Ball One SELL,6.38,6.38hrs
04/08/2025 12:32:23,sell,0.20,EURGBP,0.87008,04/08/2025 17:23:39,0.86950,0.00,0.00,5.80,15.45,0.00,0.00,0.00,0.00,3901,MKD Dragon Ball One SELL,4.85,4.85hrs
04/08/2025 11:02:53,buy,0.20,CADJPY,107.33600,04/08/2025 11:34:35,107.38300,0.00,0.00,4.70,6.35,0.00,0.00,0.00,0.00,3901,MKD Dragon Ball One BUY,0.53,0.53hrs
04/08/2025 09:30:19,sell,0.20,EURGBP,0.87155,04/08/2025 10:55:36,0.87084,0.00,0.00,7.10,18.86,0.00,0.00,0.00,0.00,3901,MKD Dragon Ball One SELL,1.42,1.42hrs
04/08/2025 10:00:00,buy,0.20,GBPCHF,1.07295,04/08/2025 10:43:39,1.07344,0.00,0.00,4.90,12.11,0.00,0.00,0.00,0.00,3901,MKD Dragon Ball One BUY,0.73,0.73hrs
04/08/2025 10:30:01,buy,0.20,GBPJPY,196.25400,04/08/2025 10:30:50,196.29700,0.00,0.00,4.30,5.81,0.00,0.00,0.00,0.00,3901,MKD Dragon Ball One BUY,0.01,0.01hrs
04/08/2025 09:30:13,buy,0.20,AUDJPY,95.72900,04/08/2025 10:06:09,95.82000,0.00,0.00,9.10,12.31,0.00,0.00,0.00,0.00,3901,MKD Dragon Ball One BUY,0.60,0.60hrs
01/08/2025 17:30:05,buy,0.20,AUDUSD,0.64730,04/08/2025 09:48:23,0.64808,0.00,-0.30,7.80,15.30,0.00,0.00,0.00,0.00,3901,MKD Dragon Ball One BUY,64.31,2.68days
04/08/2025 08:30:09,buy,0.20,GBPCHF,1.06958,04/08/2025 09:00:03,1.06998,0.00,0.00,4.00,9.93,0.00,0.00,0.00,0.00,3901,MKD Dragon Ball One BUY,0.50,0.50hrs
04/08/2025 08:00:03,buy,0.20,AUDJPY,95.74300,04/08/2025 08:43:34,95.81200,0.00,0.00,6.90,9.34,0.00,0.00,0.00,0.00,3901,MKD Dragon Ball One BUY,0.73,0.73hrs
04/08/2025 08:30:04,buy,0.20,CHFJPY,183.44400,04/08/2025 08:42:02,183.49500,0.00,0.00,5.10,6.90,0.00,0.00,0.00,0.00,3901,MKD Dragon Ball One BUY,0.20,0.20hrs
04/08/2025 08:30:15,buy,0.20,GBPJPY,196.19900,04/08/2025 08:41:34,196.26000,0.00,0.00,6.10,8.26,0.00,0.00,0.00,0.00,3901,MKD Dragon Ball One BUY,0.19,0.19hrs
02/08/2025 00:00:00,balance,0.00,,0.00000,02/08/2025 00:00:00,0.00000,0.00,0.00,0.00,900.76,0.00,0.00,0.00,0.00,0,Summary order 2025-08-01,0.00,0.00hrs
19/07/2025 00:00:00,balance,0.00,,0.00000,19/07/2025 00:00:00,0.00000,0.00,0.00,0.00,355.51,0.00,0.00,0.00,0.00,0,Summary order 2025-07-18,0.00,0.00hrs
05/07/2025 00:00:00,balance,0.00,,0.00000,05/07/2025 00:00:00,0.00000,0.00,0.00,0.00,35.84,0.00,0.00,0.00,0.00,0,Summary order 2025-07-04,0.00,0.00hrs
21/06/2025 00:00:00,balance,0.00,,0.00000,21/06/2025 00:00:00,0.00000,0.00,0.00,0.00,64.43,0.00,0.00,0.00,0.00,0,Summary order 2025-06-20,0.00,0.00hrs
14/06/2025 00:00:00,balance,0.00,,0.00000,14/06/2025 00:00:00,0.00000,0.00,0.00,0.00,91.63,0.00,0.00,0.00,0.00,0,Summary order 2025-06-13,0.00,0.00hrs
07/06/2025 00:00:00,balance,0.00,,0.00000,07/06/2025 00:00:00,0.00000,0.00,0.00,0.00,65.18,0.00,0.00,0.00,0.00,0,Summary order 2025-06-06,0.00,0.00hrs
31/05/2025 00:00:00,balance,0.00,,0.00000,31/05/2025 00:00:00,0.00000,0.00,0.00,0.00,55.44,0.00,0.00,0.00,0.00,0,Summary order 2025-05-30,0.00,0.00hrs
24/05/2025 00:00:00,balance,0.00,,0.00000,24/05/2025 00:00:00,0.00000,0.00,0.00,0.00,48.25,0.00,0.00,0.00,0.00,0,Summary order 2025-05-23,0.00,0.00hrs
17/05/2025 00:00:00,balance,0.00,,0.00000,17/05/2025 00:00:00,0.00000,0.00,0.00,0.00,270.34,0.00,0.00,0.00,0.00,0,Summary order 2025-05-16,0.00,0.00hrs
10/05/2025 00:00:00,balance,0.00,,0.00000,10/05/2025 00:00:00,0.00000,0.00,0.00,0.00,126.36,0.00,0.00,0.00,0.00,0,Summary order 2025-05-09,0.00,0.00hrs
03/05/2025 00:00:00,balance,0.00,,0.00000,03/05/2025 00:00:00,0.00000,0.00,0.00,0.00,102.42,0.00,0.00,0.00,0.00,0,Summary order 2025-05-02,0.00,0.00hrs
26/04/2025 00:00:00,balance,0.00,,0.00000,26/04/2025 00:00:00,0.00000,0.00,0.00,0.00,77.17,0.00,0.00,0.00,0.00,0,Summary order 2025-04-25,0.00,0.00hrs
19/04/2025 00:00:00,balance,0.00,,0.00000,19/04/2025 00:00:00,0.00000,0.00,0.00,0.00,285.03,0.00,0.00,0.00,0.00,0,Summary order 2025-04-18,0.00,0.00hrs
16/04/2025 00:00:00,balance,0.00,,0.00000,16/04/2025 00:00:00,0.00000,0.00,0.00,0.00,112.36,0.00,0.00,0.00,0.00,0,Summary order 2025-04-15,0.00,0.00hrs
11/04/2025 00:00:00,balance,0.00,,0.00000,11/04/2025 00:00:00,0.00000,0.00,0.00,0.00,109.76,0.00,0.00,0.00,0.00,0,Summary order 2025-04-10,0.00,0.00hrs
10/04/2025 00:00:00,balance,0.00,,0.00000,10/04/2025 00:00:00,0.00000,0.00,0.00,0.00,113.07,0.00,0.00,0.00,0.00,0,Summary order 2025-04-09,0.00,0.00hrs
08/04/2025 00:00:00,balance,0.00,,0.00000,08/04/2025 00:00:00,0.00000,0.00,0.00,0.00,276.79,0.00,0.00,0.00,0.00,0,Summary order 2025-04-07,0.00,0.00hrs
04/04/2025 00:00:00,balance,0.00,,0.00000,04/04/2025 00:00:00,0.00000,0.00,0.00,0.00,199.53,0.00,0.00,0.00,0.00,0,Summary order 2025-04-03,0.00,0.00hrs
30/03/2025 18:52:39,balance,0.01,,0.00000,30/03/2025 18:52:39,0.00000,0.00,0.00,0.00,1000.00,0.00,0.00,0.00,0.00,0,Transfer In from 1873851,0.00,0.00hrs
