2026.10.04 17:15,All,OPEC-JMMC Meetings,MED
2026.10.05 22:00,USD,ISM Services PMI,MED
2026.10.06 14:35,JPY,BOJ Gov Ueda Speaks,HIGH
2026.10.06 22:00,CAD,Ivey PMI,MED
2026.10.08 02:00,USD,FOMC Meeting Minutes,HIGH
2026.10.08 16:30,USD,FOMC Member Waller Speaks,MED
2026.10.08 20:15,GBP,BOE Gov Bailey Speaks,HIGH
2026.10.08 20:30,USD,Unemployment Claims,MED
2026.10.09 20:30,CAD,Employment Change,HIGH
2026.10.09 20:30,CAD,Unemployment Rate,HIGH
2026.10.09 22:00,USD,Prelim UoM Consumer Sentiment,MED
2026.10.09 22:00,USD,Prelim UoM Inflation Expectations,MED
